id,domain,status,purchase_price,renewal_price,attractiveness,demand,length,registrar,created_at,expires_at,status_verified_at
f8275c32-0081-4040-8741-59f0aa27df1f,sarcasm.webcam,premium,640,77.35,high,low,7,namesilo,,,24/09/2026 13:16
b1dc8d19-c835-49c4-87c0-14203980b702,proportion.webcam,available,12.98,17.98,high,low,10,namecheap,,,27/09/2026 06:59
ae864b80-1ebe-46ad-957e-3e3b25c06597,charioteer.webcam,available,11.99,11.99,medium,low,10,namesilo,,,21/09/2026 04:25
88052a61-b6a2-4b4f-862d-1961c543fe9e,chocolate.webcam,premium,6900,116,high,low,9,namesilo,,,24/09/2026 03:16
7e1a888c-9183-4f8a-8260-2b146af04e3f,sot.webcam,premium,625,81.25,medium,low,3,name.com,,,14/08/2026 20:22
451808ea-a139-488a-aa8b-5a7a29b3b03f,amplifies.webcam,available,34.99,37.99,medium,low,9,name.com,,,17/09/2026 20:54
4cb16fb8-8f09-4191-a986-ed4dfd836160,baptistry.webcam,available,11.99,11.99,medium,low,9,namesilo,,,22/09/2026 03:28
ac2dec6b-3f06-4c57-8434-bb4f8d4768aa,parky.webcam,available,11.99,11.99,medium,low,5,namesilo,,,08/09/2026 01:38
6aefaf34-109e-487b-8fc2-87f264387bfd,second.webcam,premium,116,29.5,high,low,6,namesilo,,,21/09/2026 12:59
49cf7eda-6c95-4e7e-93c9-c842b4b6fc76,sniffly.webcam,available,11.99,11.99,high,medium,7,namesilo,,,10/09/2026 12:35
338fc36a-e40f-4ca8-8844-b05e04f5aabd,him.webcam,premium,625,,high,low,3,name.com,,,
fb8a73e5-a708-41c1-9f67-47be406a8aff,freedom.webcam,premium,625,,high,medium,7,name.com,,,
098f87fd-624d-4fd0-a8e2-42de641b4222,promethium.webcam,available,11.99,11.99,medium,low,10,namesilo,,,20/09/2026 23:23
768fe2b5-8827-41c4-9220-b8a6ad5142b1,argonauta.webcam,available,11.99,11.99,medium,low,9,namesilo,,,20/09/2026 04:32
20563270-ee50-4901-8bfd-edd7a3db1126,sacrosanct.webcam,available,11.99,11.99,high,medium,10,namesilo,,,09/09/2026 20:39
c63b0185-6dfc-46ac-815d-e3e4ce3aa86b,patients.webcam,available,12.98,17.98,high,low,8,namecheap,,,25/09/2026 21:13
f42fa9e2-0bc0-450a-a8fc-2ca6899d7942,glove.webcam,premium,625,,high,low,5,name.com,,,
3e01ce0b-0db5-41a7-af59-85ce707ebb3f,diplomatic.webcam,premium,3250,130,high,low,10,namecheap,,,24/09/2026 10:36
9d5b0afa-c98c-42f0-899a-48e133d2b870,groovy.webcam,premium,625,81.25,high,low,6,name.com,,,08/08/2026 12:35
9eecf9ba-622f-4492-a5d7-f6bcdec13733,starch.webcam,premium,650,84.5,high,low,6,namecheap,,,19/09/2026 00:32
c287a2db-2fa3-4010-8f93-e4373501a0df,hedged.webcam,available,11.99,11.99,medium,low,6,namesilo,,,21/08/2026 05:50
7ce34b90-abae-4a54-99c5-e81d7ed1e0c7,century.webcam,premium,1107,116,high,low,7,namesilo,,,
385cc0dc-5cc2-4c01-ae20-7065918ed5e6,bravely.webcam,available,11.99,11.99,high,low,7,namesilo,,,14/09/2026 01:22
1ffcef3c-a462-4567-8e29-18ee95a939d5,okay.webcam,premium,640,77.35,high,low,4,namesilo,,,22/09/2026 01:07
8e8135ec-2ca6-438a-b19a-bcfb30c66d05,frosty.webcam,premium,437.5,62.5,high,low,6,name.com,,,18/08/2026 16:26
43fed860-bef7-4584-88a6-c6632f176d30,miserly.webcam,available,11.99,11.99,medium,low,7,namesilo,,,24/08/2026 23:45
bcdfccf6-bb7a-4d63-be5d-6d35382a6a53,gibe.webcam,premium,448,53.92,medium,low,4,namesilo,,,22/09/2026 04:17
c81857a3-4fbd-4436-8b83-71ab1fbe3cdf,birchbark.webcam,available,12.98,17.98,medium,low,9,namecheap,,,23/09/2026 19:23
67f2bff5-6d02-4b92-bbef-d551335459e4,shout.webcam,premium,625,,high,low,5,name.com,,,
149c7fb0-10d7-437f-b3f5-110478eeb234,combinations.webcam,available,12.98,17.98,medium,low,12,namecheap,,,17/09/2026 17:12
c79094ee-2ec5-407e-b644-10edcf552636,aging.webcam,premium,640,77.35,high,low,5,namesilo,,,21/09/2026 22:40
c642f544-7ae5-4c91-8995-8366d2d4c807,plutonic.webcam,available,11.99,11.99,medium,low,8,namesilo,,,19/09/2026 03:29
850410dd-79a1-4d66-9145-577f1a61c63b,assertive.webcam,premium,625,81.25,medium,low,9,name.com,,,07/08/2026 05:59
ca111272-1c52-4002-bb79-bbad09ebbc90,exhibit.webcam,premium,650,84.5,high,low,7,namecheap,,,27/09/2026 05:10
1d1c5f54-7d85-4c6a-a504-3d48fac18566,stroke.webcam,premium,625,,high,low,6,name.com,,,
2c28f031-7866-465e-93e2-b714bbe5c283,disappointed.webcam,available,11.99,11.99,medium,low,12,namesilo,,,
4299a737-269e-4069-98b1-41e1d1387b3e,advance.webcam,premium,650,84.5,high,low,7,namecheap,,,21/09/2026 20:22
2e1c5e8d-93ad-4680-9a35-e8d6b4b40744,realty.webcam,premium,625,81.25,high,low,6,name.com,,,21/08/2026 21:24
95732031-1b96-4834-a8ff-36cc95cb7771,specification.webcam,available,11.99,11.99,high,low,13,namesilo,,,
5b0a4432-6238-4c8e-a88c-824d4c7ec8a1,dowdy.webcam,available,11.99,11.99,medium,low,5,namesilo,,,14/08/2026 17:09
e9f3d6da-714e-4be6-8726-f30303c69cea,hypnotized.webcam,available,11.99,11.99,high,low,10,namesilo,,,17/08/2026 22:46
c4eee24f-0a6a-4e29-986c-70f93d1b2a42,dauntless.webcam,premium,448,53.92,high,low,9,namesilo,,,22/09/2026 12:12
7646885c-6019-4b63-9655-223b9650240b,factories.webcam,premium,640,77.35,medium,low,9,namesilo,,,20/09/2026 05:09
89ed1c99-6582-4063-9d4c-d026e31b1352,evaluation.webcam,available,10.18,10.18,high,low,10,cloudflare,,,28/09/2026 02:31
7a6db94c-2daa-419e-bd72-47856bc50cef,rusted.webcam,premium,650,84.5,medium,low,6,namecheap,,,09/09/2026 20:17
648294ca-2b3c-4b42-a10e-69324c1cc8d7,brute.webcam,premium,625,81.25,high,low,5,name.com,,,
3e6e61de-ae16-45e9-968b-1904d36ff31f,hypaethral.webcam,available,11.99,11.99,medium,low,10,namesilo,,,21/08/2026 16:39
00a6c080-0be1-4a43-b3a9-7d1c29d477b7,insensible.webcam,available,11.99,11.99,medium,low,10,namesilo,,,22/08/2026 06:47
0eace012-f53e-4cfe-bc6c-6465cdf34ef9,skew.webcam,available,11.99,11.99,high,low,4,namesilo,,,10/09/2026 09:26
4647c65c-19f7-45e1-9d1b-3d4f1b86caa2,roar.webcam,premium,437.5,,high,low,4,name.com,,,27/09/2026 15:38
d3623912-50da-46ee-a64d-f7f0a1fdb838,maintained.webcam,available,11.99,11.99,high,low,10,namesilo,,,25/09/2026 12:29
6239e53c-7d02-441b-ba2c-6aebd9329256,chessboard.webcam,available,11.99,11.99,high,low,10,namesilo,,,24/09/2026 14:20
d3c7d543-475f-4419-bd82-334b27a68eb5,uppish.webcam,available,11.99,11.99,low,low,6,namesilo,,,09/08/2026 20:46
f212c0ff-8959-43c9-8916-41426146b2a0,continual.webcam,available,11.99,11.99,high,low,9,namesilo,,,23/09/2026 22:10
17e53f7c-878d-42cc-b334-5cdffbf2ad9f,accession.webcam,premium,448,53.92,high,low,9,namesilo,,,16/09/2026 22:09
5776c654-9775-49a1-859f-d1ab2d422794,purifying.webcam,available,11.99,11.99,high,medium,9,namesilo,,,09/09/2026 06:18
79bd9e84-8646-4b12-850c-8a7f849ba335,homelike.webcam,available,11.99,11.99,medium,low,8,namesilo,,,21/08/2026 11:03
68a2fc73-9eda-404e-ba35-5f4b628d2031,album.webcam,available,,,high,low,5,,,,
31fa3203-c9e6-49df-bba4-c5ede735411d,desired.webcam,premium,640,77.35,high,low,7,namesilo,,,24/09/2026 00:57
394a5fa3-9991-4230-a371-7132cfac42ab,aversion.webcam,premium,640,77.35,medium,low,8,namesilo,,,19/09/2026 14:54
74b01560-5075-4e00-a3ad-fd0d46c313d6,panicky.webcam,premium,625,81.25,medium,low,7,name.com,,,05/09/2026 00:54
b8fc789c-dbbf-4b44-8341-4cea862be2b4,hazel.webcam,premium,625,81.25,high,low,5,name.com,,,21/08/2026 01:45
a973de41-f873-4f33-b846-355f598ff4b1,depot.webcam,premium,640,77.35,high,low,5,namesilo,,,11/09/2026 11:49
8dd5add0-6ee6-4759-b708-dcdc4271e6b3,derain.webcam,available,11.99,11.99,medium,low,6,namesilo,,,19/09/2026 04:09
fc142701-a0f2-409c-9aec-047c7803715e,rearing.webcam,available,11.99,11.99,high,low,7,namesilo,,,09/09/2026 11:04
aabfc765-b875-49e0-9a96-d678df4ea767,photographer.webcam,premium,640,77.35,high,low,12,namesilo,,,27/09/2026 06:12
b829305e-1991-4d71-b743-528eb7a9816c,wei.webcam,premium,640,77.35,high,low,3,namesilo,,,25/09/2026 10:59
ab393ff6-149a-4e42-8532-1b24dacc3d56,annotating.webcam,available,11.99,11.99,medium,low,10,namesilo,,,19/09/2026 10:41
33bfd1a9-9c1a-4d60-a7d0-d4429bdd5424,feasting.webcam,available,12.98,17.98,high,low,8,namecheap,,,22/09/2026 03:07
cea4250e-e2fc-4e46-b204-268fd19e1516,rape.webcam,premium,130,32.5,high,low,4,namecheap,,,24/09/2026 08:17
201fee0a-2df1-4c81-8234-66a928146c64,plug.webcam,premium,437.5,,high,low,4,name.com,,,
df8ecc6e-67f5-4672-b63e-2273face0560,placoid.webcam,available,12.98,17.98,high,medium,7,namecheap,,,08/09/2026 20:16
30408b03-bab4-4ef2-9f85-fbbb2cd1bb59,justification.webcam,premium,437.5,,medium,low,13,name.com,,,
74ff14ac-9f94-4f63-ae4a-bce969af4915,equipment.webcam,premium,640,77.35,high,low,9,namesilo,,,28/09/2026 02:33
fe364af0-08a9-4107-acee-b2bc641f68a1,stairs.webcam,premium,437.5,,high,low,6,name.com,,,
dc61deb1-e372-4e40-88bc-9758f97e026e,hum.webcam,premium,625,,high,low,3,name.com,,,
a57dcf72-4d11-4181-b603-5485d3b92a11,bordello.webcam,premium,130,32.5,medium,low,8,namecheap,,,21/09/2026 18:17
87480810-e925-4d4b-bad8-abd7aea4c230,indigotin.webcam,available,11.99,11.99,medium,low,9,namesilo,,,22/08/2026 03:05
d4b54052-e056-4f50-87c1-1e0a71219289,aides.webcam,premium,130,32.5,high,low,5,namecheap,,,17/09/2026 20:51
3c4c690a-f027-448c-ac95-32ed7cc19e24,cloze.webcam,available,11.99,11.99,medium,low,5,namesilo,,,12/08/2026 12:54
64559ab0-df35-4c28-8c8c-685827de4067,bassinet.webcam,available,11.99,11.99,medium,low,8,namesilo,,,22/09/2026 12:23
1a4809e6-fdc4-4740-b86f-15b102c6dac4,sorts.webcam,premium,448,53.92,medium,low,5,namesilo,,,27/09/2026 10:13
d6c52423-580e-4696-aafb-ebd91c3c40df,ripple.webcam,premium,640,77.35,high,low,6,namesilo,,,12/09/2026 08:34
d0987c2b-7c86-413f-966a-7b2f37702177,sexless.webcam,available,11.99,11.99,medium,low,7,namesilo,,,10/09/2026 05:17
76bccb13-78d7-4c29-8d60-814c65e2b4cb,allosaurus.webcam,available,11.99,11.99,medium,low,10,namesilo,,,18/09/2026 12:05
edc8dc7c-ffa0-4389-be7a-4e6eea0075b3,abortion.webcam,available,11.99,11.99,high,low,8,namesilo,,,16/09/2026 16:39
34a3d849-3606-444c-aec4-2c54a117cbb9,sophomore.webcam,premium,640,77.35,high,low,9,namesilo,,,10/09/2026 14:17
feb5ea9a-37e2-423b-bd20-9519dcac590a,gaur.webcam,premium,455,65,medium,low,4,namecheap,,,23/09/2026 13:04
46201d80-dcc9-46ca-9bca-be53a3e2929b,blowing.webcam,available,11.99,11.99,medium,low,7,namesilo,,,25/09/2026 00:21
030f057b-ff7e-4c63-b85e-4deebbb5daf0,active.webcam,premium,1300,130,high,low,6,namecheap,,,24/09/2026 06:08
3b552357-3f27-4902-8298-cb132ba0af48,ballroom.webcam,premium,625,,high,low,8,name.com,,,
cc672ed2-4eb7-49e4-93d1-e0367b63f0bc,norvasc.webcam,premium,448,53.92,medium,low,7,namesilo,,,18/09/2026 21:58
67291da4-01ac-4d5b-a6e0-d253b8ef96ec,sas.webcam,premium,640,77.35,high,medium,3,namesilo,,,25/09/2026 10:36
b7d72056-7431-480b-abfe-ed46a498e786,bioscience.webcam,premium,455,65,high,low,10,namecheap,,,23/09/2026 18:59
331e6b2e-357e-45c6-b473-39cf556ee8de,javanese.webcam,available,11.99,11.99,high,low,8,namesilo,,,22/08/2026 12:28
ab1b38e6-38ce-47e5-87cb-ec13b3a88d44,galaxy.webcam,premium,6250,,high,medium,6,name.com,,,
dda624b1-6f00-454e-98ab-6c2d32ea03f4,spayed.webcam,premium,448,53.92,high,medium,6,namesilo,,,10/09/2026 15:21
eb26df7c-5b76-4071-96aa-4741a16f5a7c,message.webcam,premium,116,29.5,high,low,7,namesilo,,,08/09/2026 08:47
5d84a7dd-67b6-4c50-b353-8ecc60778536,apologetic.webcam,available,11.99,11.99,medium,low,10,namesilo,,,06/08/2026 02:07
a04da1cb-8ff7-4147-ae15-a96e37202302,spiritous.webcam,available,11.99,11.99,medium,low,9,namesilo,,,10/09/2026 16:00
17e2d9cf-e9bf-43f4-8110-85921983e5af,breasts.webcam,premium,12500,,medium,low,7,name.com,,,
b183d583-d78b-4453-ac08-73ed0e6cc11e,cleaner.webcam,premium,625,,high,low,7,name.com,,,
7c7bb21c-ba40-4ea8-b8ca-3350f5fc709f,austral.webcam,premium,437.5,62.5,medium,low,7,name.com,,,07/08/2026 18:26
6e0a3b7f-532a-4ef1-8f80-9a8b3dc799ba,symbiotic.webcam,premium,448,53.92,high,low,9,namesilo,,,11/09/2026 06:01
b4fbdb5b-50db-4990-a991-11de84d27749,porter.webcam,premium,116,29.5,high,low,6,namesilo,,,28/09/2026 01:41
8dc9f3ee-3729-455e-b532-144281bbb8c9,port.webcam,premium,1107,116,high,low,4,namesilo,,,25/09/2026 13:07
c3fa3eef-06ea-47c3-b8c9-3cc534c05bab,showing.webcam,available,11.99,11.99,high,low,7,namesilo,,,25/09/2026 10:36
b036c0c5-63ee-43e8-8587-110faf356c51,revocable.webcam,available,11.99,11.99,medium,low,9,namesilo,,,09/09/2026 16:21
66ff56d9-7dfd-4022-8a84-a643212dd3ce,mansard.webcam,premium,437.5,62.5,medium,low,7,name.com,,,24/08/2026 15:30
5e470748-0a39-429a-9b04-486157e5f5be,browne.webcam,premium,448,53.92,high,low,6,namesilo,,,20/09/2026 10:27
379e4e88-725f-4b60-97d5-79510533e40e,handbill.webcam,available,11.99,11.99,medium,low,8,namesilo,,,11/08/2026 05:06
37e86afb-f106-42ea-8786-b03cdd9761a7,markham.webcam,premium,103.7,26.08,high,low,7,spaceship,,,27/09/2026 20:59
caf55f93-6b45-463e-9c77-4cef178f19a3,heartburn.webcam,available,11.99,11.99,medium,low,9,namesilo,,,
56d351a9-1bf0-4150-892e-6798ca81757b,nutriment.webcam,premium,448,53.92,medium,low,9,namesilo,,,18/09/2026 07:52
682df1fe-1205-407d-9e68-923041596d0c,behaviours.webcam,available,11.99,11.99,medium,low,10,namesilo,,,20/09/2026 22:06
3a6d6366-5bc6-4360-b8a1-089cabd7e086,introductions.webcam,available,12.98,17.98,medium,low,13,namecheap,,,20/09/2026 22:09
b96555f7-ccbc-42a0-bab7-b8d6dde6f923,stradivari.webcam,premium,448,53.92,medium,low,10,namesilo,,,19/09/2026 15:41
95339cca-6535-48b7-a86d-2e5bf4b7b504,fated.webcam,premium,625,81.25,high,low,5,name.com,,,17/08/2026 23:32
fc4e6031-ff8b-4b20-9b0e-df98d3201599,fluid.webcam,premium,625,81.25,high,low,5,name.com,,,18/08/2026 09:14
3ec2ae78-7eab-46c6-9374-0ff9c8e39913,kilogram.webcam,premium,437.5,,high,low,8,name.com,,,
4551756c-35a0-4b27-b627-53087c56affa,ravaged.webcam,available,11.99,11.99,medium,low,7,namesilo,,,14/08/2026 04:29
90ca9a59-b5a9-4bb1-a3f4-ad08a89b78e6,battle.webcam,available,11.99,11.99,high,low,6,namesilo,,,22/09/2026 14:39
3c911151-fb06-4ab6-a9f6-c5fb261a4f4e,discreet.webcam,premium,625,81.25,high,low,8,name.com,,,12/08/2026 08:23
500f0743-a2cb-43bf-96c6-f1baf64e5ec1,timetables.webcam,available,11.99,11.99,medium,low,10,namesilo,,,20/09/2026 12:23
dd19a623-35f5-4e7e-bd0d-e995588286b3,nectarous.webcam,available,11.99,11.99,medium,low,9,namesilo,,,
48db8b26-e855-41d9-9e64-c68e0c6f85bf,alexandra.webcam,premium,116,29.5,medium,low,9,namesilo,,,27/09/2026 02:30
a1b92fe1-ac6c-4ae3-98b7-36d2a391ff5c,tiddler.webcam,available,11.99,11.99,medium,low,7,namesilo,,,25/08/2026 00:10
0ac0c491-06c1-40a8-8ed3-11bea8c18edd,fenestral.webcam,available,11.99,11.99,medium,low,9,namesilo,,,18/08/2026 01:09
15c74138-5133-491b-a57b-0f3a210a2b38,adios.webcam,premium,625,,high,low,5,name.com,,,
b7851cc5-88c9-42c3-b016-2483580bacb5,timid.webcam,premium,625,81.25,medium,low,5,name.com,,,11/08/2026 22:46
664f3241-8fda-4c4e-9fc5-f409b0c0e740,wings.webcam,premium,448,53.92,high,low,5,namesilo,,,25/09/2026 11:03
e95cea88-5add-4e48-8433-fc28261a8c33,cagy.webcam,available,11.99,11.99,medium,low,4,namesilo,,,11/08/2026 13:21
05f7e3d3-93ef-449f-8b21-90d3ae3daa27,flagfish.webcam,available,12.98,17.98,medium,low,8,namecheap,,,18/09/2026 19:58
36033d3c-892d-4a30-8897-e7f823b2b1ad,rise.webcam,premium,640,77.35,high,medium,4,namesilo,,,22/09/2026 09:12
428575e4-26dc-40f8-a3c7-7389481835c5,ail.webcam,premium,650,84.5,high,low,3,namecheap,,,17/09/2026 21:05
f9912e59-852d-4aff-81ef-f6ee04875cec,bragging.webcam,premium,625,81.25,medium,low,8,name.com,,,11/08/2026 00:54
a4075ea0-6b77-4616-8e77-2979ab30fbbf,tanned.webcam,available,11.99,11.99,high,low,6,namesilo,,,11/08/2026 05:50
4470ea35-84e5-4e00-ade1-7f6bda7f5ea4,bessie.webcam,premium,517.7,67.48,medium,low,6,spaceship,,,28/09/2026 03:55
a56f0f63-a015-4bc0-82d3-9dd2ba5f8106,antsy.webcam,premium,625,81.25,medium,low,5,name.com,,,05/08/2026 20:27
4d449277-e9b0-482b-a1c5-94219f2dedcb,germanic.webcam,available,11.99,11.99,high,low,8,namesilo,,,18/08/2026 22:46
3ec0c8ee-d318-4104-9d69-ea3836447b11,lxxxviii.webcam,available,12.98,17.98,medium,low,8,namecheap,,,
055d28a2-c196-4d47-9ad7-ff4b4e75f58d,raucous.webcam,available,11.99,11.99,high,medium,7,namesilo,,,09/09/2026 10:38
ae72d45b-618c-4e22-a47e-4426350c1fb7,aerogram.webcam,premium,448,53.92,medium,low,8,namesilo,,,17/09/2026 13:04
ea099239-e5fb-41a1-ada4-d025168e6a7f,blues.webcam,available,11.99,11.99,high,low,5,namesilo,,,
d4da47f4-e6f9-4c3d-858b-3fdbc28e1dfe,barring.webcam,premium,625,,medium,low,7,name.com,,,
a21bc04d-12e9-486f-a097-1c1f054df458,authorized.webcam,premium,640,77.35,high,low,10,namesilo,,,22/09/2026 13:48
418a895f-c068-467a-87ff-99943da32922,diverting.webcam,available,11.99,11.99,high,low,9,namesilo,,,
3098b957-e465-4968-9290-b5b94afddc4f,bimbo.webcam,premium,1107,116,high,low,5,namesilo,,,23/09/2026 16:54
90bf340c-f42a-4243-bfd8-5aaf6596d5c8,daughters.webcam,available,11.99,11.99,medium,low,9,namesilo,,,17/09/2026 17:42
48052a20-987d-4bae-a280-975a04682974,bivouac.webcam,premium,437.5,62.5,medium,low,7,name.com,,,11/08/2026 15:54
b5275df8-cc33-4f11-974d-e56f8a7c936f,spastic.webcam,premium,437.5,62.5,medium,low,7,name.com,,,13/08/2026 00:06
8cdc0fd6-cc7d-4db6-9656-0e2a22558f34,solemn.webcam,premium,625,81.25,high,low,6,name.com,,,14/08/2026 22:33
49cce7bc-df32-441d-bc5a-6023aec26811,oversexed.webcam,available,11.99,11.99,medium,low,9,namesilo,,,21/08/2026 09:17
394b4346-72fc-4c63-af7d-3b001d13747a,slammer.webcam,premium,640,77.35,medium,low,7,namesilo,,,08/09/2026 22:49
a5d8017a-e4b4-4051-baec-1447b8170ca7,alkahest.webcam,available,12.98,17.98,medium,low,8,namecheap,,,18/09/2026 03:42
7a51732f-f94e-4755-b6de-f5db774001f0,systematically.webcam,available,17.98,,medium,low,14,namecheap,,,
5740c4d5-8fc9-4824-937f-5f5fc849f6d8,rural.webcam,premium,625,81.25,high,low,5,name.com,,,08/09/2026 07:52
46597799-6519-4209-8efc-b25b96b44eef,enumerable.webcam,available,11.99,11.99,medium,low,10,namesilo,,,13/08/2026 03:30
c37aa9cc-c173-48cf-96de-ec234cd4847d,abnormally.webcam,available,11.99,11.99,medium,low,10,namesilo,,,13/09/2026 16:24
a2417824-0df9-4b81-ae31-5e934c713f56,initial.webcam,premium,640,77.35,high,low,7,namesilo,,,25/09/2026 09:36
ac0353e4-f107-40f1-a7d7-446b68302a3f,verified.webcam,premium,116,29.5,high,medium,8,namesilo,,,13/09/2026 02:25
48363bea-8137-4f19-84fb-1c4e9367e4f1,recklessly.webcam,available,11.99,11.99,medium,low,10,namesilo,,,15/09/2026 22:49
1d73bc0c-fc90-4e36-8653-91a6227aa3ab,uneasy.webcam,premium,625,81.25,medium,low,6,name.com,,,21/08/2026 19:45
b9710815-f222-4fac-a133-9526a0ec3e19,sequel.webcam,premium,625,,high,low,6,name.com,,,
d3b0d502-6877-40d2-8bc0-aaad6ef51bbf,calender.webcam,available,11.99,11.99,high,low,8,namesilo,,,
73dcbbdc-cb09-426e-a574-d4f17de73898,gibbous.webcam,available,11.99,11.99,medium,low,7,namesilo,,,13/08/2026 07:44
c0612925-d314-4500-85e0-0a7c8a43a8b1,usable.webcam,available,11.99,11.99,high,low,6,namesilo,,,12/09/2026 23:59
6e88cca1-f975-4532-844f-aba3958479a4,above.webcam,premium,640,77.35,high,low,5,namesilo,,,21/09/2026 14:29
16bf7908-fe8b-4862-8197-2ec2988b2330,restricted.webcam,premium,125,,high,low,10,name.com,,,27/09/2026 13:02
bae32e5f-85d2-49ca-8db1-21f3a9f06a45,fighting.webcam,premium,650,84.5,high,low,8,namecheap,,,24/09/2026 18:04
7390e2f9-313d-4695-95bc-0b9f8e69e887,souther.webcam,available,11.99,11.99,high,medium,7,namesilo,,,10/09/2026 14:54
9e0c803e-e148-4e1d-91e3-d58b590267d8,grotesque.webcam,premium,116,29.5,medium,low,9,namesilo,,,
7ca65cec-a52f-48bf-8b88-8c24241b165d,sorbed.webcam,available,11.99,11.99,medium,low,6,namesilo,,,10/09/2026 14:27
34cb18b5-fb7e-49b6-be72-8be8ae1972a4,tylenol.webcam,premium,437.5,,high,medium,7,name.com,,,
a5306056-7e25-4c5d-8a1b-7e09184274f4,conceptive.webcam,available,12.98,17.98,medium,low,10,namecheap,,,12/08/2026 20:03
38bd547f-1be5-4110-8f27-737c4ae63b54,whisper.webcam,premium,640,77.35,high,low,7,namesilo,,,13/09/2026 11:38
89132dab-b5d2-410b-a960-3093b3fb9416,scrubbed.webcam,premium,550,71.5,medium,low,8,dynadot,,,27/09/2026 18:56
77c9dbd5-d5dc-4d25-81e9-f25f05704652,floyd.webcam,premium,130,32.5,high,low,5,namecheap,,,25/09/2026 19:20
10ddb82f-92b9-461d-9e3b-9a57c52c47e2,seawards.webcam,available,11.99,11.99,medium,low,8,namesilo,,,10/09/2026 01:02
7f17ddeb-2c88-49b0-b48d-bd7aced8d1ce,case.webcam,premium,625,,high,low,4,name.com,,,
627fff7a-38c0-479e-81ec-2e060fb48694,trimly.webcam,available,11.99,11.99,medium,low,6,namesilo,,,16/09/2026 09:29
a5ba839f-504e-4a78-b468-3caac291e0b1,berlioz.webcam,available,11.99,11.99,medium,low,7,namesilo,,,23/09/2026 09:39
20e150cc-4d7e-4b1e-b7a8-3ad962f8f2f4,tutelary.webcam,available,12.98,17.98,medium,low,8,namecheap,,,13/08/2026 12:21
eb3bb1b0-4183-47dc-b8c8-a4ccd7d4fd37,bayonet.webcam,premium,455,65,high,low,7,namecheap,,,22/09/2026 18:04
41b4f221-48d9-4bf5-aa66-4072e0950d65,accountability.webcam,available,11.99,11.99,high,low,14,namesilo,,,
d2a9e9ca-8d8f-4490-a4a0-aeb53b514aa5,akan.webcam,premium,448,53.92,high,low,4,namesilo,,,17/09/2026 23:50
6a76e530-e463-43c8-8f8a-0d2687b20fcf,confirming.webcam,available,11.99,11.99,high,low,10,namesilo,,,23/09/2026 19:45
3ac9a693-7f15-443e-bebb-62edfe7884d8,hesitation.webcam,available,11.99,11.99,high,low,10,namesilo,,,24/09/2026 16:28
7fd854f6-a9a0-40f2-a143-3970ed56c5a0,sensually.webcam,available,11.99,11.99,medium,low,9,namesilo,,,16/09/2026 00:58
0724b222-9d99-416a-a55c-4446ecc05afa,remembered.webcam,available,12.98,17.98,high,low,10,namecheap,,,17/09/2026 12:04
00201a0c-4afe-4c05-95e9-9323f48020fa,arcadian.webcam,premium,437.5,62.5,high,low,8,name.com,,,06/08/2026 14:10
598642ef-cb14-42fb-85c4-e8d1f83d53a6,swing.webcam,premium,2587.7,103.7,high,low,5,spaceship,,,28/09/2026 02:11
8c686759-89d1-4b15-a26e-a03294b563f9,ashtray.webcam,premium,640,77.35,high,low,7,namesilo,,,20/09/2026 14:02
35cb4959-b5b4-4e1e-9a34-2c228970dff6,rant.webcam,premium,640,77.35,high,low,4,namesilo,,,24/09/2026 03:37
77552f8f-47a6-4345-983d-d4a0dc49bce5,running.webcam,premium,1100,110,high,low,7,dynadot,,,27/09/2026 17:05
d381c93c-9ca2-4e87-9051-1f3dee6ad38f,blankness.webcam,available,11.99,11.99,medium,low,9,namesilo,,,24/09/2026 04:02
de139745-4154-408b-97d0-aa1d673fcafb,dual.webcam,premium,437.5,62.5,high,low,4,name.com,,,14/08/2026 16:37
1caab968-fd07-4355-b950-6e7a471f42e0,abnormal.webcam,premium,1107,116,high,low,8,namesilo,,,21/09/2026 14:04
ee2644aa-d714-4cc0-8f34-d480e3658de5,fallible.webcam,available,12.98,17.98,medium,low,8,namecheap,,,17/08/2026 21:30
d48b7077-5c82-4407-bb4b-9212823432bc,aquilegia.webcam,available,11.99,11.99,medium,low,9,namesilo,,,19/09/2026 23:13
0eb340c4-d4f7-4382-ae54-8b0305d0b867,spare.webcam,premium,640,77.35,high,low,5,namesilo,,,24/09/2026 15:52
7b38773d-27f8-4380-85de-a9b9f0b70530,you.webcam,premium,625,,high,medium,3,name.com,,,
b0109458-a9eb-4079-b064-ff88d61e3818,victorian.webcam,available,11.99,11.99,high,low,9,namesilo,,,27/09/2026 05:38
c2869a32-2c8a-40ea-aadf-3e9ab6452f4d,westminster.webcam,premium,625,,high,low,11,name.com,,,
fdccbda6-7bc4-40ba-87e8-384710460a2e,barrels.webcam,premium,640,77.35,high,low,7,namesilo,,,22/09/2026 08:23
604a42e8-d512-405b-ae79-c9efb6019758,bait.webcam,premium,448,53.92,high,low,4,namesilo,,,21/09/2026 19:42
1a5a6d5c-1f57-4662-9f69-e625023c9c71,datable.webcam,available,34.99,37.99,medium,low,7,name.com,,,13/08/2026 18:36
d1d8df95-fdc1-4daf-8f83-6c084dd49ff7,businesses.webcam,available,11.99,11.99,medium,low,10,namesilo,,,23/09/2026 07:34
8903a9e9-e956-4646-99b2-87395a5af978,wastefully.webcam,available,12.98,17.98,medium,low,10,namecheap,,,15/09/2026 21:36
45b54b0b-d4e0-45a6-80ef-3e56c1cae654,amor.webcam,premium,6900,116,high,low,4,namesilo,,,18/09/2026 22:37
0d717b2e-5090-4f7c-b2dd-a67ca76a2fff,mla.webcam,premium,517.7,67.48,high,low,3,spaceship,,,28/09/2026 03:26
d87b0bb6-6b1c-45dd-8746-abdcb08901b0,whatnot.webcam,premium,116,29.5,high,low,8,namesilo,,,
36d0e13c-60c1-46da-b5c9-6aa59a5b3006,defending.webcam,available,11.99,11.99,high,low,9,namesilo,,,13/08/2026 23:13
8517d629-37ce-48d8-a8f9-b4a2af2a8d03,underestimated.webcam,available,17.98,,medium,low,14,namecheap,,,
25fcab7f-9fe9-4d90-86c9-c2b6cc76e5de,preachy.webcam,available,11.99,11.99,high,medium,7,namesilo,,,09/09/2026 01:07
013b7690-55c5-461f-99ae-7cbf11e2f2af,topically.webcam,available,11.99,11.99,medium,low,9,namesilo,,,16/09/2026 09:16
3aeb7d7a-29a9-4944-b4f9-aa935eaa72a6,palermo.webcam,premium,116,29.5,high,low,7,namesilo,,,27/09/2026 15:11
f035b37b-d46a-4ca0-8cd2-c6d3d5e69ee2,myth.webcam,premium,640,77.35,high,low,4,namesilo,,,28/09/2026 02:27
caf0d218-c039-460e-9743-77c69e48bf3d,appearance.webcam,available,11.99,11.99,high,low,10,namesilo,,,08/09/2026 12:55
43992ee9-0ec3-4cf4-a0d1-b3ec05443140,separable.webcam,available,11.99,11.99,medium,low,9,namesilo,,,14/08/2026 12:50
917b128b-a026-4ff1-a3f0-49e664b8d838,adrift.webcam,premium,625,81.25,medium,low,6,name.com,,,
0cdaf842-2d16-40e0-b264-568dfb93272c,kidnapping.webcam,available,11.99,11.99,medium,low,10,namesilo,,,25/09/2026 08:11
517924e9-735e-48f0-b0cd-ca2ee493c533,fees.webcam,premium,625,,high,low,4,name.com,,,
1dd10749-69f2-4619-b445-e12d8bcb2180,mcintosh.webcam,premium,116,29.5,high,low,8,namesilo,,,27/09/2026 04:44
19741d77-f383-481a-aaf0-e80dac0521b7,danger.webcam,premium,625,,high,low,6,name.com,,,
e6c78ffe-cbcb-4cff-b177-0d427ea988a9,supervisor.webcam,premium,116,29.5,high,low,10,namesilo,,,
d49fb985-87ed-4b01-87f0-0d74ec06f460,malaria.webcam,premium,625,,medium,low,7,name.com,,,
bd7ce231-c6f4-42bd-b57a-818e67d8f5e3,reading.webcam,premium,116,29.5,high,low,7,namesilo,,,
396c3175-2b7f-4d1f-bf78-9b521113b7c1,aarhus.webcam,available,11.99,11.99,medium,low,6,namesilo,,,16/09/2026 13:27
b0e80c83-3d4a-4c55-9ff7-be225cb28b74,oxford.webcam,premium,116,29.5,high,low,6,namesilo,,,
663ffbff-d175-4114-a37b-01b3ffee5b6f,aare.webcam,available,11.99,11.99,high,low,4,namesilo,,,16/09/2026 13:18
84acb1e4-7e6c-4039-8618-2f6ca6c35f9a,solve.webcam,premium,625,,high,low,5,name.com,,,
f7ba84e2-0e0d-424d-a86d-e841cac62fb3,candlenut.webcam,available,11.99,11.99,medium,low,9,namesilo,,,18/09/2026 05:37
ec18ef29-a156-4973-9b81-f715b7040857,chatham.webcam,premium,116,29.5,medium,low,7,namesilo,,,25/09/2026 15:25
3d377b14-7f09-4fa4-ab74-b253a9c02f76,vessel.webcam,premium,517.7,67.48,high,low,6,spaceship,,,27/09/2026 16:11
fc22759c-b75a-4eef-9225-e9e6b1b986d0,threshold.webcam,premium,640,77.35,high,low,9,namesilo,,,24/09/2026 10:33
4270f1b0-654d-4d09-8e8b-8d9769282287,leadership.webcam,premium,625,,high,low,10,name.com,,,
8278d6f1-7604-42af-924a-51c272c8c9f6,pubmed.webcam,premium,437.5,,high,low,6,name.com,,,
74f5851c-b746-4f13-a0b5-71c15a97c831,singapore.webcam,available,,,high,high,9,,,,
6b7e50a1-8c57-4039-b15e-265f8d01997d,improper.webcam,premium,625,81.25,medium,low,8,name.com,,,21/08/2026 23:12
0d6aefbe-18c5-4c16-9a3c-11a6ce05543e,ceo.webcam,premium,640,77.35,high,low,3,namesilo,,,24/09/2026 13:36
ee823681-58c2-4e15-80ac-e33ec029b14b,faustian.webcam,available,11.99,11.99,medium,low,8,namesilo,,,18/08/2026 00:10
5552b1cd-1539-4f5b-9035-5a0c88e92cdc,pickings.webcam,available,11.99,11.99,medium,low,8,namesilo,,,11/09/2026 07:21
406d73e8-f761-4d46-b286-422ab0aa2d33,arrayed.webcam,available,11.99,11.99,medium,low,7,namesilo,,,06/08/2026 21:37
e733ccf8-971e-4f1d-9bc8-818b81a37483,criticism.webcam,available,17.98,,high,low,9,namecheap,,,
05469083-9f6b-45a4-acfb-8f289873e47c,items.webcam,premium,550,71.5,medium,low,5,dynadot,,,28/09/2026 04:15
16803013-c292-484a-b968-58d5b1f76285,trey.webcam,premium,116,29.5,high,low,4,namesilo,,,
399f480c-1d85-4fa4-9eeb-832096789e95,autumn.webcam,premium,116,29.5,high,low,6,namesilo,,,
0bb37091-0dfb-4f79-9f1d-983cb02fa616,dike.webcam,premium,437.5,62.5,medium,low,4,name.com,,,11/08/2026 11:33
317c9160-f184-48d8-8175-b00320dceafb,propulsive.webcam,available,11.99,11.99,high,low,10,namesilo,,,09/09/2026 03:32
b3dc4fab-9559-4c2a-af52-a12cfc538c00,ceylonese.webcam,available,11.99,11.99,high,low,9,namesilo,,,12/08/2026 01:10
d358c0ba-5801-45ef-8efe-72949d6933f8,hither.webcam,premium,640,77.35,medium,low,6,namesilo,,,15/09/2026 00:48
0e39792b-431f-4db4-a804-02b11c408510,marketplace.webcam,available,11.99,11.99,high,medium,11,namesilo,,,
01e946c6-ab15-4596-9c0d-e6d657f447eb,tref.webcam,premium,116,29.5,medium,low,4,namesilo,,,03/09/2026 19:37
307cfd7c-17d2-48ad-a8a1-7a67d7cb5e1e,anechoic.webcam,available,11.99,11.99,medium,low,8,namesilo,,,
f5bf8788-ee32-46c2-a177-c112cc2b9d4b,sent.webcam,premium,640,77.35,high,low,4,namesilo,,,19/09/2026 16:10
5e31980b-caaf-4bf8-b456-95c33e478813,rasta.webcam,premium,448,53.92,high,medium,5,namesilo,,,09/09/2026 10:30
9d13ec53-aa1c-4dfe-a220-89115d546b57,postmortem.webcam,premium,448,53.92,medium,low,10,namesilo,,,09/09/2026 00:31
4f346adc-39a8-4292-8bc2-ca640a4c4f50,rile.webcam,premium,437.5,,medium,low,4,name.com,,,
fe77d3d4-8ee0-4618-87ca-8f75abfb5e5b,temporarily.webcam,available,11.99,11.99,medium,low,11,namesilo,,,
591e4417-5d09-41ec-9298-3cc88e9ba869,nick.webcam,premium,,,high,medium,4,,,,28/09/2026 02:02
7138dd6f-74aa-4807-92e9-ea93130da399,withdrawal.webcam,premium,116,29.5,high,low,10,namesilo,,,21/09/2026 15:22
eeacfc6e-8ca7-4c89-9e50-2decbf89d686,baccarat.webcam,premium,640,77.35,high,low,8,namesilo,,,21/09/2026 13:56
f2419022-b264-411e-8d88-ed0671d76471,firstly.webcam,premium,640,77.35,medium,low,7,namesilo,,,24/09/2026 18:41
c1b2837c-5216-471c-87c8-7f9909cc1def,zig.webcam,premium,640,77.35,high,low,3,namesilo,,,13/09/2026 15:15
c2f46e65-7a2e-4e1b-9b3a-2eed17dcef01,sycamore.webcam,premium,650,84.5,high,low,8,namecheap,,,16/09/2026 23:36
efb666bc-d156-448f-a377-a912e217ba71,terbium.webcam,premium,448,53.92,medium,low,7,namesilo,,,20/09/2026 23:28
be6e6da1-2ecf-4063-b04b-73180813474a,distrait.webcam,available,11.99,11.99,low,low,8,namesilo,,,14/08/2026 13:10
fc26f330-6b6b-4bfe-9459-4fdec0eba104,soldier.webcam,premium,116,29.5,high,low,7,namesilo,,,
b73f9822-db9a-4101-82f5-c8fb4e6364dd,overeasy.webcam,premium,455,65,medium,low,9,namecheap,,,16/09/2026 17:44
515962a9-8fb0-4c36-9dff-ae9da50a233a,aspartame.webcam,available,11.99,11.99,medium,low,9,namesilo,,,20/09/2026 14:43
a676b5a6-be16-45cf-93cc-2b5778213302,hipaa.webcam,available,11.99,11.99,medium,low,5,namesilo,,,
079d91a0-e675-420d-933a-15777e7f4880,hangbird.webcam,available,12.98,17.98,medium,low,8,namecheap,,,22/09/2026 00:20
714f1817-f75c-460a-a23d-bc85b9142951,greek.webcam,premium,640,77.35,high,low,5,namesilo,,,08/09/2026 07:29
90785392-d874-41f9-8df4-936d6ddcf264,diode.webcam,premium,455,65,high,low,5,namecheap,,,24/09/2026 20:00
5267511c-65e5-43a7-8e72-5b9af1045716,baedeker.webcam,premium,455,65,medium,low,8,namecheap,,,21/09/2026 17:22
07a899e7-cac5-4e31-a269-0a1cfed52d88,hearty.webcam,premium,625,81.25,high,low,6,name.com,,,21/08/2026 02:13
8badd7ba-2422-4aad-92fe-9fe99fc49d57,meanly.webcam,available,11.99,11.99,medium,low,6,namesilo,,,13/09/2026 23:32
1108d846-0cb9-4fc3-9eca-9a9df0ffcc75,whop.webcam,available,11.99,11.99,high,low,4,namesilo,,,22/09/2026 10:29
9e918b09-6078-474c-be9d-237697bfa8ec,unexampled.webcam,available,11.99,11.99,medium,low,10,namesilo,,,12/09/2026 09:24
f247b6af-627d-4e5c-bdfd-d305215b3db0,mississippi.webcam,premium,,,high,low,11,,,,28/09/2026 03:26
d5c6f8fd-5c87-4369-8bb3-51d619693fc7,asala.webcam,available,11.99,11.99,medium,low,5,namesilo,,,16/09/2026 12:33
49e31c8a-ea00-4906-91ba-c94df38cd277,barbarian.webcam,premium,437.5,62.5,medium,low,9,name.com,,,08/08/2026 15:26
d5ebcf81-fd6a-40d1-baf9-6c441a7b2a97,child.webcam,premium,650,84.5,high,low,5,namecheap,,,25/09/2026 20:33
0aea093a-e57a-4504-8d83-a1e795faabc7,automation.webcam,premium,362.45,51.95,high,medium,10,spaceship,,,28/09/2026 03:05
7a3423b3-43c6-41a1-9028-1d825c47caab,denis.webcam,premium,448,53.92,high,low,5,namesilo,,,25/09/2026 15:03
c899b4c3-1822-49e8-bccd-e90d048c0bc5,disposal.webcam,premium,640,77.35,high,low,8,namesilo,,,17/09/2026 08:43
518c69cd-5089-4fd6-9297-67da387c037b,storage.webcam,premium,640,77.35,high,low,7,namesilo,,,23/09/2026 08:25
769e4d9f-531f-42f1-a144-272a8d4db46b,towels.webcam,available,11.99,11.99,high,low,6,namesilo,,,18/09/2026 12:23
9f797b36-14af-4f96-bc96-c5571340e3b3,ohio.webcam,premium,116,29.5,high,low,4,namesilo,,,
1825a45c-b174-4191-b3b8-b712676f38cf,barberry.webcam,available,12.98,17.98,medium,low,8,namecheap,,,22/09/2026 04:51
8c9946c0-1a11-4823-a051-3d59a1f8fb2a,attended.webcam,premium,650,84.5,medium,low,8,namecheap,,,22/09/2026 11:17
309ea9f9-c6dc-44dd-afac-5801db939e27,washer.webcam,premium,640,77.35,medium,low,6,namesilo,,,21/09/2026 06:54
c463bfb0-32d6-4a87-b3ca-8895e5094035,available.webcam,available,12.98,17.98,high,low,9,namecheap,,,22/09/2026 14:22
5f300213-a2e4-4cd3-8a68-4faac6dfbd65,divorce.webcam,premium,625,81.25,high,low,7,name.com,,,14/08/2026 11:12
1fc1aeca-7e1f-4b25-951f-2f8710bf1dc1,typical.webcam,premium,640,77.35,high,low,7,namesilo,,,24/09/2026 11:26
32a76862-e8cb-42df-982f-1a30c555cb88,nonslip.webcam,available,11.99,11.99,medium,low,7,namesilo,,,03/09/2026 20:38
4e930dda-5288-4683-9fe9-1aadd40f4788,foolish.webcam,available,11.99,11.99,high,low,7,namesilo,,,24/09/2026 11:44
17b07283-2481-4e4d-9d0d-acc70298b612,ripping.webcam,premium,640,77.35,high,low,7,namesilo,,,09/09/2026 13:59
ee058577-2166-4357-b1ae-8839ba7d18a2,adumbrate.webcam,available,11.99,11.99,medium,low,9,namesilo,,,22/08/2026 08:33
8a02a795-7dfb-467f-8d44-6874b7dbfb87,bakeshop.webcam,available,12.98,17.98,high,low,8,namecheap,,,21/09/2026 20:10
a08d28d6-f549-4847-a473-d16838e90980,perform.webcam,premium,625,,high,low,7,name.com,,,
f6f41f61-bbd2-4ce6-9b84-9d711d0020b3,midmost.webcam,available,11.99,11.99,medium,low,7,namesilo,,,24/08/2026 22:29
bb693fa3-1ddf-4925-bf41-684aa955d47f,bangtail.webcam,available,11.99,11.99,medium,low,8,namesilo,,,22/09/2026 02:02
27679fcf-af3b-4188-91e9-76a40d4211d4,abroach.webcam,available,11.99,11.99,medium,low,7,namesilo,,,
479fbd27-e5f7-4506-b5fb-adea88e19a92,cry.webcam,premium,625,,high,low,3,name.com,,,
808b8421-633d-41c3-9147-226120aad291,carelessly.webcam,available,11.99,11.99,medium,low,10,namesilo,,,14/09/2026 05:19
1da3d7d4-fade-4d69-b879-69358359121e,penny.webcam,premium,116,29.5,high,low,5,namesilo,,,
42531190-c970-4020-a75e-011b211747e7,peal.webcam,available,12.98,17.98,medium,low,4,namecheap,,,09/09/2026 18:22
52ab0182-11b6-4e57-b54d-7ef4aa80f788,handless.webcam,available,11.99,11.99,medium,low,8,namesilo,,,11/08/2026 10:12
39f9a77b-48ee-4414-b7e3-fa51a192a500,rimmed.webcam,available,11.99,11.99,medium,low,6,namesilo,,,09/09/2026 17:45
462587e4-c323-46d3-b4ea-e9ccf13e6027,papaw.webcam,available,11.99,11.99,medium,low,5,namesilo,,,20/09/2026 14:12
b8e85541-dea4-480a-ab11-2fc0d22d2d03,blackcock.webcam,available,11.99,11.99,medium,low,9,namesilo,,,24/09/2026 00:30
0fd251b0-be32-4ad1-be0a-44ae419e3d46,avarice.webcam,premium,448,53.92,medium,low,7,namesilo,,,21/09/2026 08:42
3450c755-3ee6-4c8c-a761-346b12245352,bowing.webcam,premium,625,81.25,high,medium,6,name.com,,,10/08/2026 23:25
c958a8be-b2ff-4c37-ab42-3cda92ba8f78,jury.webcam,premium,640,77.35,high,low,4,namesilo,,,25/09/2026 08:06
61b272ac-f490-4329-9fa5-9328bcb37de4,effeminate.webcam,available,11.99,11.99,medium,low,10,namesilo,,,12/08/2026 08:34
c4e13bf8-074c-45bf-bc47-297b75ed61cc,perplex.webcam,premium,455,65,high,low,7,namecheap,,,21/09/2026 17:26
baff5262-c7f1-4441-96c2-addf1fb95fb7,leisurely.webcam,available,11.99,11.99,high,low,9,namesilo,,,14/08/2026 23:02
d8524c9c-8070-42d8-afa5-572f5204af8a,rack.webcam,available,10.53,10.53,high,low,4,spaceship,,,27/09/2026 15:29
d8e8dd85-b272-4d4f-9578-3438abe6f232,locally.webcam,premium,437.5,,high,low,7,name.com,,,
1bb9058f-1411-4ab0-9d1f-61cf9a491c80,evitable.webcam,available,11.99,11.99,medium,low,8,namesilo,,,07/08/2026 22:45
4056c035-3978-42a9-8b94-95c7f772736a,concrete.webcam,premium,650,84.5,high,low,8,namecheap,,,23/09/2026 19:16
d961b65f-d74e-4d21-833a-fc64c8e193d8,unknowable.webcam,available,11.99,11.99,medium,low,10,namesilo,,,12/09/2026 14:17
c6247065-0f0d-4c3b-96db-9644060905f2,barycenter.webcam,available,12.98,17.98,medium,low,10,namecheap,,,22/09/2026 09:39
92deaac2-2bbe-4180-9d1b-000644e7d0bc,banteng.webcam,available,12.98,17.98,medium,low,7,namecheap,,,22/09/2026 03:14
e4ce0433-f903-4625-8bed-8c03d7c857da,toothy.webcam,available,11.99,11.99,medium,low,6,namesilo,,,11/09/2026 17:20
c2c0fdfb-f98d-486e-80a6-d96eafaed237,unsocial.webcam,available,12.98,17.98,medium,low,8,namecheap,,,12/09/2026 20:11
d3adabc4-f228-42e1-a0fa-361f92b7eb92,songbird.webcam,premium,437.5,,high,low,8,name.com,,,
7544a181-3345-4ab4-800b-98066f2b43a3,massage.webcam,available,,,high,low,7,,,,
8d5be1e7-7798-43a0-89cd-6ccd3528bb76,invest.webcam,premium,103.7,26.08,high,medium,6,spaceship,,,28/09/2026 02:00
b232ae12-78d6-4689-96c3-9cf427f9d56e,castled.webcam,available,12.98,17.98,medium,low,7,namecheap,,,11/08/2026 20:28
b2bc1d0e-11a5-4e98-9740-fdfe88036b81,stepwise.webcam,premium,437.5,62.5,high,low,8,name.com,,,10/08/2026 07:12
3d48e12b-94e6-4fdb-835e-5b736feb8633,monotony.webcam,available,11.99,11.99,medium,low,8,namesilo,,,21/08/2026 15:10
aa5e8017-dca0-41a2-af0f-d2de01c5e0d7,thermionic.webcam,available,11.99,11.99,medium,low,10,namesilo,,,11/09/2026 12:56
beed8dc4-7aa4-48ce-aedc-213e255fb3f3,trouper.webcam,premium,448,53.92,medium,low,7,namesilo,,,22/09/2026 06:54
2a200310-172f-4561-b1de-3828ed893040,praying.webcam,available,11.99,11.99,high,low,7,namesilo,,,27/09/2026 06:47
d55df012-c48f-4eff-8f26-14b314a0a1e9,misfortune.webcam,premium,116,29.5,medium,low,10,namesilo,,,21/09/2026 16:43
bdfffe21-1be0-46d2-8695-0325ff0b14fd,shaper.webcam,premium,437.5,,high,low,6,name.com,,,
7cb19f64-2a6e-47e1-83c9-e855ef347347,plz.webcam,premium,625,,high,low,3,name.com,,,
9d872c9c-3708-462a-b385-eb0f860c1e10,labor.webcam,premium,125,,high,low,5,name.com,,,
1f2c57f7-5081-4d1d-afa1-d99f090c1134,restful.webcam,available,11.99,11.99,high,low,7,namesilo,,,09/09/2026 13:26
e0706019-5d72-4916-8f5c-aaa76694043c,straws.webcam,premium,650,84.5,medium,low,6,namecheap,,,20/09/2026 08:03
747fd9d9-cace-4c42-9c0d-c0bf8d2f9460,diana.webcam,premium,116,29.5,high,low,5,namesilo,,,25/09/2026 22:22
9779b5ba-8adf-4efd-b46b-253912ed83f7,publication.webcam,available,11.99,11.99,high,low,11,namesilo,,,
86c24066-f8e1-44cc-a61e-2cf60f1b7f58,prayer.webcam,premium,103.7,26.08,high,low,6,spaceship,,,28/09/2026 01:59
d00ed551-eeb8-431f-a881-752c50a8ec51,peninsula.webcam,premium,437.5,,high,low,9,name.com,,,
928837a8-996a-471a-9c73-4026efd4df6b,musical.webcam,premium,650,84.5,high,low,7,namecheap,,,25/09/2026 19:12
c96cf8d5-65a2-4d0e-a09b-559d85c21f80,manic.webcam,premium,625,81.25,medium,low,5,name.com,,,18/08/2026 15:04
5fcd7096-98d5-42e3-be72-33f9346968ad,lego.webcam,premium,437.5,,high,high,4,name.com,,,
d321eaae-5536-43cd-9b80-fb04da38bb63,layperson.webcam,available,11.99,11.99,medium,low,9,namesilo,,,10/09/2026 01:26
28f7b1ec-b393-412e-a635-10fac515d4cf,lyrics.webcam,premium,625,,high,low,6,name.com,,,
372cdac0-cff9-46e9-81af-6c5931b65f78,dazzlingly.webcam,available,11.99,11.99,medium,low,10,namesilo,,,14/09/2026 10:58
a118a277-0b02-4163-8b1a-eacbbdf1ecdd,tracked.webcam,premium,625,,high,low,7,name.com,,,
e87747e9-cb0d-4eff-9d66-3872764a75c9,undisciplined.webcam,available,11.99,11.99,medium,low,13,namesilo,,,
cf6796e7-c144-4c5a-84e4-6283673acee9,thee.webcam,premium,437.5,,medium,low,4,name.com,,,
d25af597-f187-46b4-8912-1edba9c38e6a,snatcher.webcam,premium,640,77.35,medium,low,8,namesilo,,,16/09/2026 14:55
d00ae337-3706-49ab-afe0-bb628809cf3a,spacious.webcam,premium,625,,high,low,8,name.com,,,27/09/2026 16:20
dd96d171-0b20-401b-aeee-2421e9ed7040,keenness.webcam,available,11.99,11.99,high,low,8,namesilo,,,21/09/2026 09:30
0b473878-8290-41c5-8a89-07cee2fcf435,scour.webcam,premium,640,77.35,high,low,5,namesilo,,,10/09/2026 00:23
f49aeeee-33ae-432a-8de2-b66f0dc60aaf,asch.webcam,available,11.99,11.99,high,low,4,namesilo,,,20/09/2026 13:15
0d3d6dd5-71ef-48d3-a7ec-a9316611a3bf,epic.webcam,premium,1107,116,high,medium,4,namesilo,,,24/09/2026 14:28
268755b7-053d-4662-8608-1d122baaf4bd,namibian.webcam,premium,116,29.5,high,low,8,namesilo,,,03/09/2026 12:58
e1c161c7-f92b-48a6-ade8-8d668a24a682,hopes.webcam,premium,455,65,medium,low,5,namecheap,,,25/09/2026 19:44
ec894ebf-9f77-4f11-8e0a-8968266074cc,karpov.webcam,available,11.99,11.99,high,low,6,namesilo,,,19/09/2026 03:27
680ba9d7-ea10-482b-b143-7bf0250e9eaa,alimental.webcam,available,11.99,11.99,medium,low,9,namesilo,,,
10c54c20-dcb5-4fe1-9737-7a47eee7d341,inscribe.webcam,premium,455,65,high,low,8,namecheap,,,21/09/2026 06:39
0652c686-7701-4dd7-995c-d48333a142d4,inspiring.webcam,premium,640,77.35,high,low,9,namesilo,,,25/09/2026 09:50
691936bf-7881-4ea6-b983-cb9f37b5bd03,honk.webcam,premium,640,77.35,high,medium,4,namesilo,,,10/09/2026 07:42
060539d7-3f04-42e4-b9cc-ca0f08001e4e,equanimous.webcam,available,11.99,11.99,medium,low,10,namesilo,,,17/08/2026 11:37
2b4e096e-3121-43d0-b7b3-c915d5887788,brimless.webcam,available,11.99,11.99,medium,low,8,namesilo,,,11/08/2026 04:13
594e3908-fe5a-4d93-aaa0-f53bff70e25b,equitable.webcam,premium,625,81.25,high,low,9,name.com,,,17/08/2026 11:54
4c63f9db-cf77-44b5-8d72-64b58eb98118,monistic.webcam,available,11.99,11.99,medium,low,8,namesilo,,,25/08/2026 04:51
cf3f6f10-7f7d-4d55-98ff-d2ed704f7914,chronic.webcam,premium,625,81.25,high,low,7,name.com,,,12/08/2026 07:24
59b1368e-fbdb-4a6e-a49e-2cc5d3bead32,demolition.webcam,available,11.99,11.99,high,low,10,namesilo,,,24/09/2026 21:50
c70901c9-79a1-443e-b45e-6e5e98786386,glimpse.webcam,premium,650,84.5,high,low,7,namecheap,,,24/09/2026 18:42
eb2f9d39-559d-4102-9813-e6dc1c9a87b3,hugely.webcam,available,11.99,11.99,medium,low,6,namesilo,,,14/09/2026 15:49
9fbf7750-044f-421c-9a5d-6d6d678d71de,cloudlike.webcam,available,11.99,11.99,medium,low,9,namesilo,,,12/08/2026 12:38
8974151f-2065-49bd-ab7a-d67e307a01c5,illegible.webcam,available,12.98,17.98,medium,low,9,namecheap,,,21/08/2026 19:48
0ae05abd-1136-4bff-b85d-25d89cd5cc03,octuple.webcam,available,11.99,11.99,medium,low,7,namesilo,,,15/08/2026 21:25
aab0de95-1902-4f56-855c-56c1ba174635,behalf.webcam,premium,640,77.35,high,low,6,namesilo,,,23/09/2026 03:04
829f1520-e6be-422e-9c7b-d32c83eecdc6,disgusted.webcam,premium,625,81.25,medium,low,9,name.com,,,14/08/2026 10:30
366981ca-a9f2-46cf-b93f-be12b6aa0fd4,unveil.webcam,premium,625,,high,low,6,name.com,,,
a64e0505-c8b4-4b4e-9bfa-16ddf54cae3b,inner.webcam,premium,625,81.25,high,low,5,name.com,,,22/08/2026 05:54
b9929975-b2a1-49f8-9afc-4555573b1ce0,frostbite.webcam,premium,455,65,high,low,9,namecheap,,,24/09/2026 19:56
eaa3e74c-a8b9-4772-9bc9-73e09c0cb6df,grows.webcam,premium,650,84.5,medium,low,5,namecheap,,,27/09/2026 10:10
583f75b8-4efd-47f0-b3f7-f79d42b4cc16,willy.webcam,premium,116,29.5,medium,low,5,namesilo,,,27/09/2026 06:19
e7f673e4-8066-46fa-987f-23d1eb573b59,tort.webcam,premium,650,84.5,high,low,4,namecheap,,,24/09/2026 15:10
44ad311c-8a48-4a88-8977-725222d111df,aril.webcam,premium,448,53.92,medium,low,4,namesilo,,,20/09/2026 05:30
8a935645-fa92-4c2f-9f91-80cf5ba0e0f5,aligned.webcam,premium,625,81.25,high,low,7,name.com,,,
43be908a-9ab6-49af-a452-33126b85b977,blench.webcam,available,11.99,11.99,medium,low,6,namesilo,,,04/09/2026 23:29
347dc20b-bb3b-44be-97d3-fc6096249912,plaques.webcam,available,11.99,11.99,low,low,7,namesilo,,,20/09/2026 08:19
dd24c744-0bbb-4423-919e-86161edaf88f,upstanding.webcam,available,11.99,11.99,high,low,10,namesilo,,,12/09/2026 23:22
8ab3a5ab-d481-4671-ae8f-dfb25c3ef7a1,pledged.webcam,premium,625,81.25,high,low,7,name.com,,,27/09/2026 04:12
50a488c4-5f57-4a90-8dbc-9cff332a8da2,nailed.webcam,premium,640,77.35,medium,low,6,namesilo,,,18/09/2026 21:49
0d5eb0b8-0a1f-4433-baa0-9276bf6bb33c,bastion.webcam,premium,448,53.92,high,low,7,namesilo,,,22/09/2026 12:50
6651494f-0214-4dee-bc31-af2219fb3a22,billion.webcam,premium,640,77.35,high,low,7,namesilo,,,22/09/2026 20:43
a3cf0c79-e38a-4d99-91ae-b8810a7081ca,malone.webcam,premium,116,29.5,high,low,6,namesilo,,,25/09/2026 05:13
60fa9b3d-2911-48a5-8648-67b92821bc7a,untrained.webcam,available,11.99,11.99,medium,low,9,namesilo,,,12/09/2026 21:40
8462f6d7-240d-4843-ac3c-45d5cccba8b8,stupid.webcam,premium,640,77.35,high,low,6,namesilo,,,28/09/2026 01:43
38fcf849-8548-4016-beb9-6c2f17ee742b,manual.webcam,premium,640,77.35,high,low,6,namesilo,,,25/09/2026 16:42
a6e7f68e-2306-4bbe-8752-af1601c33947,ulterior.webcam,premium,116,29.5,medium,low,8,namesilo,,,22/08/2026 20:32
784a20a5-7433-4170-b4d8-9b137a659754,separately.webcam,available,11.99,11.99,medium,low,10,namesilo,,,15/09/2026 08:00
4f49d953-71d9-42ee-98f8-4766e90aa74e,icu.webcam,premium,625,,high,low,3,name.com,,,
e81ca80a-2bac-4514-a81f-c4e8276803a0,deadlifts.webcam,available,11.99,11.99,medium,low,9,namesilo,,,21/09/2026 05:50
bb72acf2-fc7f-448b-87e8-7362941618da,mobius.webcam,premium,448,53.92,high,low,6,namesilo,,,21/09/2026 03:47
3f65cd42-c230-4e9f-8953-d944251f4b77,conjugal.webcam,premium,625,81.25,medium,low,8,name.com,,,12/08/2026 22:07
99db97e1-7727-4e76-96ca-551e2fd12832,drenched.webcam,premium,625,81.25,medium,low,8,name.com,,,14/08/2026 18:51
59a34f42-c4f5-4551-855b-3fbd0f027cc4,surgery.webcam,premium,640,77.35,high,low,7,namesilo,,,25/09/2026 23:54
d0d8c36b-ba2a-43a3-8941-9273dab557b2,argus.webcam,premium,448,53.92,high,low,5,namesilo,,,20/09/2026 04:53
6ef588f3-df3d-4995-8da8-f89ddbd80970,rookie.webcam,premium,125,,high,low,6,name.com,,,
ec16199f-ebca-4c7e-85c5-c694536e36f0,ascribe.webcam,premium,448,53.92,high,low,7,namesilo,,,21/09/2026 02:19
6ee6aed0-4f49-4551-b0e7-845cd1519c59,aptly.webcam,available,11.99,11.99,medium,low,5,namesilo,,,13/09/2026 16:19
87a34d98-9ff7-47ff-8629-a26524a1b6ac,legislative.webcam,available,11.99,11.99,high,low,11,namesilo,,,
583827c0-520f-410e-aa4c-c525c88de676,brochure.webcam,premium,640,77.35,high,low,8,namesilo,,,24/09/2026 07:07
f65f1352-8003-405a-87d1-461f4f041eed,verminous.webcam,available,11.99,11.99,medium,low,9,namesilo,,,13/09/2026 04:05
64fdd118-db38-4453-9677-3b918f70fb74,adornment.webcam,available,11.99,11.99,high,low,9,namesilo,,,17/09/2026 09:46
d28be77c-505c-4c8b-a8c0-935ff941fbc9,slashing.webcam,premium,640,77.35,high,low,8,namesilo,,,10/09/2026 10:08
01ba3995-9f51-45d0-82b3-d8d9e0b1d091,factious.webcam,available,11.99,11.99,medium,low,8,namesilo,,,14/08/2026 12:34
799b2444-472a-43f2-a43c-63c623862f25,tyrant.webcam,premium,650,84.5,medium,low,6,namecheap,,,21/09/2026 06:08
2b76a054-c370-4cc2-aaee-1bda53920052,protection.webcam,available,11.99,11.99,high,low,10,namesilo,,,19/09/2026 09:47
e396e740-3243-4f67-a404-64b7e9674d47,mohammedan.webcam,available,11.99,11.99,medium,low,10,namesilo,,,25/08/2026 03:23
3dcf7f63-5cdb-4030-a3a5-c1006dcd13fd,saccharine.webcam,available,11.99,11.99,medium,low,10,namesilo,,,12/08/2026 12:48
1bd88bc2-1fe1-4a2d-8935-58c1de35a3c1,judgment.webcam,premium,625,,high,low,8,name.com,,,
70aea3a8-cd2c-47d4-b86a-0b21a368afa5,attendance.webcam,available,11.99,11.99,high,low,10,namesilo,,,21/09/2026 01:23
416993bc-8ee7-45a8-aa28-8a7f2cd64015,constructive.webcam,available,17.98,,high,low,12,namecheap,,,
a7aaee2c-900b-41b0-bb30-cd7f42f23593,processed.webcam,available,11.99,11.99,high,low,9,namesilo,,,23/09/2026 15:59
e9643813-abaa-4047-9251-eb1602edc45d,effected.webcam,available,11.99,11.99,medium,low,8,namesilo,,,15/08/2026 14:18
3c126ba7-82fd-4f87-bf7b-eb2f27351ece,ghostly.webcam,premium,437.5,62.5,medium,low,7,name.com,,,06/08/2026 05:28
a94e9ff3-8c02-4f29-8daa-a23dee7c0565,microbial.webcam,available,11.99,11.99,medium,low,9,namesilo,,,08/09/2026 09:41
66fe7c6d-7f46-4928-bca3-eec90ae0ca18,bearwood.webcam,premium,455,65,medium,low,8,namecheap,,,22/09/2026 20:58
cef69758-a400-48f5-bb15-10919b279d01,diacritic.webcam,available,11.99,11.99,medium,low,9,namesilo,,,14/08/2026 05:43
0be8eddf-fda1-4032-980f-2bc64461995d,worshipful.webcam,available,11.99,11.99,high,low,10,namesilo,,,
5575ea9f-1e45-45a6-baa6-cd5208e8d937,culturally.webcam,available,11.99,11.99,high,low,10,namesilo,,,14/09/2026 09:57
0b30776b-1e4d-4ad1-b2e3-d8fc204cb4f5,luzon.webcam,premium,448,53.92,high,low,5,namesilo,,,27/09/2026 14:53
6f30a306-7d85-4a2a-8e7a-c67b35c307c6,centuries.webcam,available,12.98,17.98,medium,low,9,namecheap,,,17/09/2026 04:43
9c9c3bb8-135b-456a-bb5b-ce0bbd452bc7,daisy.webcam,premium,116,29.5,high,low,5,namesilo,,,25/09/2026 04:34
36dec45e-80a9-45bb-902d-c4f6ec7d866b,guarnieri.webcam,available,11.99,11.99,medium,low,9,namesilo,,,19/09/2026 04:23
bdda5c1e-f467-4b21-911a-c1b865539059,bargeman.webcam,available,11.99,11.99,medium,low,8,namesilo,,,22/09/2026 05:46
17ba5be2-edc5-42e3-934c-0a9197929979,combination.webcam,available,11.99,11.99,high,low,11,namesilo,,,27/09/2026 02:14
1b82ce34-2441-4eda-aed1-857d8eecabb6,admissible.webcam,available,11.99,11.99,high,low,10,namesilo,,,
0de301a0-aef4-4a11-aca7-513d5bf39a7f,antiviral.webcam,available,12.98,17.98,high,low,9,namecheap,,,05/08/2026 20:06
313ceeb7-91ef-44da-88bf-728ee86f0496,loved.webcam,premium,455,65,high,low,5,namecheap,,,25/09/2026 14:27
ccc761c2-fd48-4f83-8302-79fe5140d1d4,wizen.webcam,available,11.99,11.99,high,medium,5,namesilo,,,10/09/2026 06:59
a6b73b77-bf04-4a8f-8eea-e4e87689964f,cypher.webcam,premium,437.5,62.5,high,medium,6,name.com,,,
16436c99-306e-42a9-afba-8c70590d2161,testator.webcam,available,11.99,11.99,medium,low,8,namesilo,,,11/09/2026 12:02
b52fec88-02fd-483c-b89c-2423fedfda1a,row.webcam,premium,640,77.35,high,low,3,namesilo,,,25/09/2026 05:05
1f9d161d-9d53-4846-9581-6081010dd32c,topology.webcam,premium,448,53.92,high,low,8,namesilo,,,19/09/2026 01:59
aa38e339-a881-49a4-99af-d8754858c2aa,unguarded.webcam,available,11.99,11.99,medium,low,9,namesilo,,,12/09/2026 11:39
bac0817c-16c7-4ce3-ad28-a594c9fddd93,nonu.webcam,available,11.99,11.99,medium,low,5,namesilo,,,03/09/2026 18:37
3e1a7314-6894-47c2-99d5-7bebc12176a1,mutinous.webcam,available,11.99,11.99,medium,low,8,namesilo,,,03/09/2026 11:55
90be2ad5-9ee5-4eb9-9348-dc3ee7ed0b82,wink.webcam,premium,1107,116,high,low,4,namesilo,,,22/09/2026 22:05
2b17a989-49cf-42ed-8730-9241dd2342e6,jordanian.webcam,available,11.99,11.99,high,low,9,namesilo,,,22/08/2026 14:01
e6f12752-2ff7-4eb8-991c-6143cfbabb82,jamaican.webcam,premium,116,29.5,high,low,8,namesilo,,,22/08/2026 12:11
62d61bcc-a6b5-4fc6-8202-764edf9515ef,cxv.webcam,premium,625,81.25,high,low,3,name.com,,,
107b1392-297d-4353-9c2b-2d781ef5c991,comparable.webcam,available,11.99,11.99,high,low,10,namesilo,,,23/09/2026 16:34
9b2bc775-e221-4929-8c9b-7b98ef869171,social.webcam,premium,3450,116,high,medium,6,namesilo,,,19/09/2026 17:20
0a601bb0-6a67-44f1-af14-f621483435c7,turmeric.webcam,available,11.99,11.99,high,low,8,namesilo,,,19/09/2026 15:28
f42fa5a4-18bb-4dc7-8c6e-e2122e6b870e,boggy.webcam,available,11.99,11.99,medium,low,5,namesilo,,,10/08/2026 17:01
5cfbe866-7f9d-4256-bc14-dbfac8cccac7,onside.webcam,available,11.99,11.99,medium,low,6,namesilo,,,04/09/2026 15:17
def645c3-6ab0-4249-8ea2-b6006b7a1dfb,aliraq.webcam,available,11.99,11.99,medium,low,7,namesilo,,,18/09/2026 00:54
fb0722a3-30c1-4e12-90a7-275b48b5586e,bhutanese.webcam,available,12.98,17.98,medium,low,9,namecheap,,,09/08/2026 18:24
4021482f-bf10-454d-9d08-0f2e76e913d2,activity.webcam,premium,625,,high,low,8,name.com,,,
4c665ae0-edf2-417d-bfb9-244b2c2ea394,exist.webcam,premium,625,,high,low,5,name.com,,,
31a145c6-d327-49bd-acb6-f543a6a694fe,grazed.webcam,premium,625,81.25,medium,low,6,name.com,,,20/08/2026 19:29
5b575186-4729-4a32-a9fa-5c8913dbe5d0,springs.webcam,premium,109.69,27.82,medium,low,7,porkbun,,,27/09/2026 23:53
fe7da184-057b-40c8-93e3-01a2e1e322a4,delicious.webcam,available,34.99,37.99,high,low,9,name.com,,,24/09/2026 05:16
97a52236-1f38-4f95-b4f2-6b29e9952a9c,jonathan.webcam,premium,640,77.35,high,low,8,namesilo,,,25/09/2026 08:03
e25f4fb3-2a17-43ac-9ac3-76ec0f195aff,steroidal.webcam,available,12.98,17.98,medium,low,9,namecheap,,,10/09/2026 20:19
0a1a1ec9-176d-4ddc-a051-367add681b04,alhazen.webcam,available,11.99,11.99,medium,low,7,namesilo,,,18/09/2026 00:42
431618e1-e9c9-4753-a79b-0b20be013a43,tedious.webcam,premium,640,77.35,medium,low,7,namesilo,,,23/09/2026 00:32
6f981f9e-2d6d-4dd2-864e-8630f6aaeee9,parking.webcam,premium,640,77.35,high,low,7,namesilo,,,25/09/2026 23:56
0c52947d-b4dd-40fb-97f4-811c438040aa,bestower.webcam,available,11.99,11.99,medium,low,8,namesilo,,,23/09/2026 10:47
5707cffd-1237-4227-96f1-cd4702807e8d,bardeen.webcam,available,11.99,11.99,high,low,7,namesilo,,,22/09/2026 05:16
1c075a65-ea41-46dc-930f-04866a40eb0d,using.webcam,premium,625,,high,low,5,name.com,,,
088ce21b-245c-4915-8c53-b2cdbef66bf8,dandily.webcam,available,11.99,11.99,medium,low,7,namesilo,,,14/09/2026 10:33
a8c28593-4ffd-444b-a422-68583af885ba,adulteress.webcam,available,11.99,11.99,medium,low,10,namesilo,,,17/09/2026 10:20
93888bb7-45bb-4e2a-997c-0ca44f520cc9,papist.webcam,available,11.99,11.99,medium,low,6,namesilo,,,05/09/2026 01:35
0896be8c-8430-43c0-810a-e241d135c62c,delta.webcam,premium,625,,high,medium,5,name.com,,,
f1843e9a-f846-4286-85bf-1017b8ddc7c0,what.webcam,premium,650,84.5,high,low,4,namecheap,,,24/09/2026 15:16
9b99382e-54a1-4b2a-b211-5d0d05f299b7,lines.webcam,premium,116,29.5,high,medium,5,namesilo,,,25/09/2026 13:07
392adbda-a8dc-406d-8427-c8d00215d5c1,baylor.webcam,premium,448,53.92,medium,low,6,namesilo,,,27/09/2026 01:57
1c8c7285-6121-4fa1-b71e-a1bcdaf84e02,archaic.webcam,premium,437.5,62.5,high,low,7,name.com,,,
7b1d17a8-2b76-43e9-be8f-ad7571ddd20e,fink.webcam,premium,116,29.5,high,medium,4,namesilo,,,11/08/2026 16:11
456caba4-32c7-49ce-abb9-78de11f9f99d,censor.webcam,premium,1107,116,high,low,6,namesilo,,,22/09/2026 00:43
64e6362d-a6c6-43aa-989c-eb220c69da47,passe.webcam,premium,437.5,62.5,medium,low,5,name.com,,,14/08/2026 01:17
c9997c13-6d60-4fa3-8dd8-ba8ba1bae14a,altitude.webcam,premium,448,53.92,high,low,8,namesilo,,,18/09/2026 14:29
aefd9e23-8d38-4a62-a7d9-fd5e006b9b7f,counterattack.webcam,premium,437.5,,medium,low,14,name.com,,,
23b031af-324f-4644-adc0-608030a320af,apophasis.webcam,available,12.98,17.98,medium,low,9,namecheap,,,19/09/2026 19:01
a358fc03-8179-4a2e-8877-1dc19b790564,clapper.webcam,premium,455,65,medium,low,7,namecheap,,,19/09/2026 20:51
349ddf81-c768-44eb-8ae9-4791dc94dc0d,volute.webcam,premium,437.5,62.5,medium,low,6,name.com,,,12/08/2026 16:14
58f51cda-535f-4fad-9041-68d64c65ffb9,fling.webcam,premium,625,,high,low,5,name.com,,,
75387c7c-5e6d-499d-ab88-551ceb3708a1,catalog.webcam,premium,130,32.5,high,low,7,namecheap,,,24/09/2026 13:07
489be89e-f180-4e12-b86a-7c82a33b2c7f,splitting.webcam,available,11.99,11.99,high,low,9,namesilo,,,09/09/2026 14:01
734acc09-5eaa-4da9-8ab5-64151391ebb0,foreshadow.webcam,premium,455,65,high,low,10,namecheap,,,21/09/2026 03:32
a5d4d7ec-f5a6-4597-a5c3-b510c9fba4d9,pouch.webcam,premium,640,77.35,high,low,5,namesilo,,,24/09/2026 11:07
91e0da8b-021a-46cd-bea1-41c1654bf524,overcast.webcam,premium,437.5,62.5,high,low,8,name.com,,,12/08/2026 12:29
89feceaf-4d6b-4b32-8f8e-631da10a6ae9,theban.webcam,available,11.99,11.99,medium,low,6,namesilo,,,11/09/2026 12:35
f8befbd3-77fd-4943-9245-d590290f2b3f,certainly.webcam,available,12.98,17.98,high,low,9,namecheap,,,24/09/2026 21:00
d3ec049e-132b-4bfe-9ab5-e9c427d3be7d,indication.webcam,available,11.99,11.99,high,low,10,namesilo,,,24/09/2026 21:52
b0914d3f-3212-4000-8608-ab04ce81a89d,honour.webcam,premium,640,77.35,high,low,6,namesilo,,,16/09/2026 22:47
281f5127-eb62-483c-b577-47173880d5a5,fearfully.webcam,available,12.98,17.98,medium,low,9,namecheap,,,14/09/2026 18:04
922695dc-b26a-4cc6-aa4b-93c575824fcf,cadillac.webcam,premium,437.5,,high,low,8,name.com,,,
ec7832e7-2d99-4721-84a4-e5f0574d427a,assailant.webcam,premium,640,77.35,medium,low,9,namesilo,,,17/09/2026 17:42
69a04de9-7ab1-444b-bc06-a16f7eabea3e,springbuck.webcam,available,11.99,11.99,medium,low,10,namesilo,,,19/09/2026 14:19
9a8e7311-41d4-4072-bd72-6c5d48d58e14,adelaide.webcam,premium,116,29.5,high,low,8,namesilo,,,17/09/2026 07:13
486ef99a-08de-4e9e-816a-6231fb189dab,dada.webcam,premium,448,53.92,high,high,4,namesilo,,,08/09/2026 23:40
fd0338ad-e385-4c80-a458-3fadc34c921c,overnice.webcam,available,12.98,17.98,medium,low,8,namecheap,,,04/09/2026 21:20
45670d21-4d3e-4643-a6d5-2e2f2186568a,quilting.webcam,available,11.99,11.99,high,low,8,namesilo,,,
3487ffc6-9e07-41dd-93bc-1702cf678705,cimarron.webcam,premium,448,53.92,high,low,8,namesilo,,,23/09/2026 15:12
9a1f0dbb-268c-4481-b02a-b31efdba3699,glossary.webcam,available,17.98,,high,low,8,namecheap,,,
292f1ee9-107c-4d06-bb6a-c5826f8479ab,abohm.webcam,available,12.98,17.98,medium,low,5,namecheap,,,16/09/2026 16:26
68cc5248-f728-4716-a264-d40b3f518c51,bouffant.webcam,available,12.98,17.98,high,low,8,namecheap,,,10/08/2026 21:32
1acb1427-9207-431e-831a-836bf89f5395,talk.webcam,premium,625,,high,low,4,name.com,,,
a7182de5-7ea1-43d2-8ba8-da9fab83206d,dickhead.webcam,premium,625,81.25,medium,low,8,name.com,,,08/08/2026 23:34
714489f5-ee90-4366-81aa-56ca039bba35,oxygen.webcam,premium,437.5,,high,low,6,name.com,,,
1be74ea0-da8f-4087-9eeb-780a96c1e99b,newspapers.webcam,premium,3450,116,medium,low,10,namesilo,,,27/09/2026 02:48
4ca958d5-6af6-4b70-96ef-068a9570f836,loaded.webcam,premium,437.5,62.5,high,low,6,name.com,,,
1168280d-6bbf-4754-9543-605d2234ccc7,bayes.webcam,available,12.98,17.98,high,low,5,namecheap,,,22/09/2026 18:03
c8c05369-b787-40c9-829a-9b4af919fbb9,testily.webcam,available,11.99,11.99,low,low,7,namesilo,,,15/09/2026 09:30
0fa2b17d-35d7-4ae7-b435-6a00dd951881,jensen.webcam,premium,625,81.25,high,low,6,name.com,,,25/09/2026 07:58
6cc1bc3e-621a-42db-85ca-12d0a8163336,fondness.webcam,premium,640,77.35,high,low,8,namesilo,,,17/09/2026 14:17
059c462f-1031-46b7-89f7-f94d51cafdd4,verbalise.webcam,available,11.99,11.99,medium,low,9,namesilo,,,13/09/2026 00:16
ebac4cb6-189f-471c-8a84-1d6b47bd5df3,frustrate.webcam,available,11.99,11.99,medium,low,9,namesilo,,,24/09/2026 12:25
2c161a84-481a-4df4-84ce-f477e78c8d89,scotland.webcam,premium,,,high,low,8,,,,27/09/2026 15:44
3b20fb46-a104-4307-a4a7-c7a001bd3ab7,rafts.webcam,premium,448,53.92,high,low,5,namesilo,,,14/09/2026 23:26
1a9b7817-1d65-4c8d-bae7-92c336137155,corrosion.webcam,available,12.98,17.98,high,low,9,namecheap,,,24/09/2026 18:21
2d5e2c33-3280-4b18-8dda-f67f10677567,romance.webcam,premium,3125,,high,low,7,name.com,,,27/09/2026 15:59
13d5af96-6934-47b1-80c0-beb436b3c728,tide.webcam,premium,625,,high,low,4,name.com,,,
105eab2f-693b-4343-aed6-d2c536f372e6,goddess.webcam,premium,640,77.35,high,low,7,namesilo,,,27/09/2026 13:50
9169fc29-09a1-4e17-aa59-52e9d682f3d2,pastel.webcam,available,11.99,11.99,high,low,6,namesilo,,,08/09/2026 10:04
07d9f0e6-4db3-4d56-bc71-4f0e880de941,grin.webcam,premium,650,84.5,high,low,4,namecheap,,,27/09/2026 23:08
a3f4bf9a-3ef3-4ed2-a617-87bbc1548a5f,relics.webcam,available,12.98,17.98,medium,low,6,namecheap,,,18/09/2026 20:08
54e5f662-622f-4f70-8040-56423041ee03,hysteric.webcam,premium,437.5,62.5,medium,low,8,name.com,,,21/08/2026 17:20
ea75f7a8-d677-43c5-a1bc-7eb5ca1a0119,axe.webcam,premium,625,,high,low,3,name.com,,,
24cf5463-ca2d-42f6-992a-75a10aa8d9d6,mixable.webcam,premium,437.5,62.5,medium,low,7,name.com,,,25/08/2026 01:25
506543d5-8e4a-4289-93aa-00a82bd14049,southwards.webcam,available,11.99,11.99,high,medium,10,namesilo,,,10/09/2026 14:52
722a8644-0cc0-496c-8c2c-e2ca3daf0e0e,outraged.webcam,premium,625,81.25,medium,low,8,name.com,,,22/08/2026 01:03
059f6997-c770-44ce-92d5-ed2028096b98,arid.webcam,premium,437.5,62.5,medium,low,4,name.com,,,06/08/2026 18:58
d54ef636-7fd4-44dc-8a78-c543b01ec3e7,nun.webcam,premium,625,,high,low,3,name.com,,,
26f80ff1-c67a-4746-abf0-293eabbe3ba9,hollyhock.webcam,premium,455,65,medium,low,9,namecheap,,,18/09/2026 14:54
2bb5c8a7-e0cd-48d8-8b2e-39b9e335a5f1,sawtooth.webcam,premium,437.5,,medium,low,9,name.com,,,
2b15f1b9-a6b5-4e56-a19e-4285bc1655f9,heliac.webcam,available,11.99,11.99,medium,low,6,namesilo,,,21/08/2026 06:28
00e228a7-feae-4ea4-a7ef-1f44037bf0a8,documents.webcam,premium,625,,high,low,9,name.com,,,
14a55515-8d9f-4eba-a4f6-9c5d6b793a12,connected.webcam,premium,6900,116,high,medium,9,namesilo,,,19/09/2026 11:24
ea95726b-535f-4562-80ba-69dc459a5bed,kilometer.webcam,available,11.99,11.99,high,low,9,namesilo,,,
6fd34ea3-449b-41d7-8c0b-f7133c6adb84,transitory.webcam,available,11.99,11.99,medium,low,10,namesilo,,,17/08/2026 10:19
999bb7b3-74b0-4ac4-b907-eb52c1e95062,sad.webcam,premium,640,77.35,high,low,3,namesilo,,,24/09/2026 05:55
1bee0b5a-8155-4ab9-b79f-4264c7808aac,important.webcam,available,11.99,11.99,high,low,9,namesilo,,,22/09/2026 13:54
1b4b6242-7888-4cc3-8c33-e9a88eb8fa17,might.webcam,premium,125,,high,low,5,name.com,,,
f179c8d3-be00-4fc5-a187-c5afa6fe9628,breezy.webcam,premium,640,77.35,high,low,6,namesilo,,,22/09/2026 22:40
35e32cc4-c53b-4c54-8763-382aa6cc878d,smash.webcam,premium,650,84.5,high,low,5,namecheap,,,22/09/2026 17:11
416c6c0f-5cea-4a58-8662-62e3fb2d8ade,machines.webcam,available,12.98,17.98,medium,low,8,namecheap,,,27/09/2026 02:01
9b40dcdd-8ce4-42de-aba1-606611db66e2,scaly.webcam,available,11.99,11.99,medium,low,5,namesilo,,,23/08/2026 00:05
98221e9e-a394-471c-80bc-b36cca090327,serenity.webcam,premium,130,32.5,high,low,8,namecheap,,,20/09/2026 19:39
48de3137-fa2a-4215-85e9-abf98c5064a7,punjab.webcam,available,11.99,11.99,high,low,6,namesilo,,,27/09/2026 05:06
d61b8251-fb53-48a4-a33c-7ea683f0048b,curtain.webcam,premium,625,,high,low,7,name.com,,,
17875a82-82d6-4049-9594-df2a8488d08a,monopoly.webcam,premium,1107,116,high,low,8,namesilo,,,
d5edd51c-a385-4cef-b72f-13c905964d1e,looseleaf.webcam,premium,437.5,62.5,medium,low,9,name.com,,,24/08/2026 09:43
bd880176-ad61-4a71-b735-d2420444f95b,upright.webcam,premium,625,81.25,high,low,7,name.com,,,17/08/2026 12:05
c1326155-e0a0-4c9a-8211-04a21e305b31,visualized.webcam,available,11.99,11.99,high,low,10,namesilo,,,24/09/2026 14:20
8f7b32b5-7851-48c5-9524-2540790e5b54,volkswagen.webcam,premium,437.5,,high,low,10,name.com,,,
fbf2e769-d01f-4783-83d6-f88251f9a0b4,midday.webcam,premium,437.5,,high,low,6,name.com,,,
288c5d7f-1a9f-46ef-9674-966b849f9d78,bey.webcam,premium,640,77.35,medium,low,3,namesilo,,,23/09/2026 12:10
a940b71e-cac4-4f47-a35c-b713ff54c294,unbearable.webcam,available,11.99,11.99,medium,low,10,namesilo,,,25/09/2026 10:28
e8dfb657-7011-4002-9421-23f2ccbc36b2,amiably.webcam,available,12.98,17.98,medium,low,7,namecheap,,,13/09/2026 17:50
4dbcb334-b141-4454-ae89-6fce245423e7,accusation.webcam,available,11.99,11.99,high,low,10,namesilo,,,
81d6d7c3-cfcd-4b7f-945a-266ca3c37a6a,underbred.webcam,available,11.99,11.99,high,medium,9,namesilo,,,10/08/2026 22:18
6648211b-ad86-45a5-9739-d811da36515e,catechu.webcam,available,12.98,17.98,medium,low,7,namecheap,,,16/09/2026 20:04
e36662d1-1a8e-425e-88e3-754bc73b678c,together.webcam,premium,1107,116,high,medium,8,namesilo,,,
f7b4065b-446b-4166-9b0b-2762c7517de5,overnight.webcam,premium,130,32.5,high,low,9,namecheap,,,22/09/2026 00:44
6b128f4a-f15f-43d2-b5fc-38f182dac805,artistic.webcam,premium,640,77.35,high,low,8,namesilo,,,22/09/2026 09:09
68a5fa55-118b-451b-94c6-20136dbe39b9,dogs.webcam,premium,640,77.35,high,low,4,namesilo,,,17/09/2026 11:22
30b24298-29e7-4850-8851-7988c6b6ab0c,coherently.webcam,available,11.99,11.99,medium,low,10,namesilo,,,
f655acd8-f62d-4944-8f98-3cccc2e32142,wholesome.webcam,available,11.99,11.99,high,low,9,namesilo,,,
ddbcb174-d5b2-47a9-b2d7-1a8e7c3f9344,futile.webcam,premium,640,77.35,medium,low,6,namesilo,,,22/09/2026 23:49
b873d688-e35c-49bb-bf80-7ddec1a2f646,forked.webcam,available,12.98,17.98,high,low,6,namecheap,,,09/08/2026 20:14
5487dea9-fdc9-4780-95b0-ccdf86d91214,downside.webcam,premium,640,77.35,medium,low,8,namesilo,,,24/09/2026 23:40
974cd7e2-f6f9-4115-9350-b5520f6cab73,aladdin.webcam,premium,437.5,,high,medium,7,name.com,,,
6e801524-4a37-4de4-8a03-a2565024e241,mistaken.webcam,available,11.99,11.99,medium,low,8,namesilo,,,25/08/2026 01:52
f72e97d6-5db4-495f-9756-efed9d91aa98,emeritus.webcam,premium,437.5,62.5,high,low,8,name.com,,,16/08/2026 15:05
56818318-9ff9-4623-bc63-554e8dfcb3c6,somber.webcam,available,11.99,11.99,medium,low,6,namesilo,,,10/09/2026 14:00
522ed81e-47cf-41d0-9424-3f30d08cf32b,packs.webcam,premium,650,84.5,medium,low,5,namecheap,,,20/09/2026 13:29
6477bf24-d646-4c1f-ab01-3ef2688cdf04,arum.webcam,premium,437.5,62.5,medium,low,4,name.com,,,06/08/2026 20:20
b4fbe70a-0386-43a8-aa06-df9f8547f731,theme.webcam,premium,550,71.5,high,low,5,dynadot,,,28/09/2026 01:44
9ebef3c8-5e4e-4d1a-bc1a-c0a6949122e7,throttle.webcam,premium,640,77.35,high,low,8,namesilo,,,16/09/2026 21:47
b938a225-738a-47b0-ac7d-1f41ca68c402,showery.webcam,available,11.99,11.99,high,medium,7,namesilo,,,09/09/2026 09:50
2fddf6ff-7bae-48b7-bf2f-f36101d22658,coalescing.webcam,available,11.99,11.99,medium,low,10,namesilo,,,12/08/2026 13:53
c471dcd1-34c1-4a1f-b83b-c55a5fa2ec21,unclutter.webcam,available,11.99,11.99,high,low,9,namesilo,,,12/08/2026 10:28
b9f8abaf-be2d-4145-a94a-625999ee7c70,tritely.webcam,available,12.98,17.98,low,low,7,namecheap,,,16/09/2026 09:30
7dafb37e-31f3-4e45-a971-633cec6fe147,aguish.webcam,available,11.99,11.99,medium,low,6,namesilo,,,
1e047a82-de0c-460d-8b25-f78bf9c08c61,creditable.webcam,available,11.99,11.99,high,low,10,namesilo,,,13/08/2026 05:54
9f335ebc-7adb-4238-8862-20a9a4ba021f,steadfast.webcam,premium,448,53.92,high,medium,9,namesilo,,,19/09/2026 14:16
642370b9-9484-4944-8dd8-e4d068ee13c2,agilely.webcam,available,12.98,17.98,medium,low,7,namecheap,,,13/09/2026 18:16
a29eb4c7-75ad-4380-8bb7-96da59a7f490,hermit.webcam,premium,116,29.5,high,low,6,namesilo,,,09/09/2026 11:42
20bd3c29-4dd9-40a9-994f-d9049c7856bc,digital.webcam,premium,116,29.5,high,medium,7,namesilo,,,25/09/2026 22:21
c036f4a2-b5f4-4fc3-9032-85da7e6ce769,whirr.webcam,available,11.99,11.99,medium,low,5,namesilo,,,13/09/2026 11:31
389ab066-7d07-41cc-be93-ce21541cc20a,ambo.webcam,premium,448,53.92,medium,low,4,namesilo,,,18/09/2026 17:17
93023df4-5c96-4d13-af77-30ded0ca161c,fight.webcam,available,12.98,17.98,high,low,5,namecheap,,,24/09/2026 17:58
fbfc302e-37c0-4276-b505-3b92fbba8323,rid.webcam,premium,625,,high,low,3,name.com,,,
e222691b-a5ef-4b50-88cc-513a7669abf6,aga.webcam,premium,640,77.35,high,low,3,namesilo,,,17/09/2026 15:58
92de41b2-4d00-4e32-8489-37d793023d31,played.webcam,available,12.98,17.98,high,low,6,namecheap,,,27/09/2026 04:03
078f5c46-9178-48c7-9464-6bbb6abbb1cb,guilty.webcam,premium,625,81.25,high,low,6,name.com,,,20/08/2026 20:50
a199e51d-57a8-4c14-91a2-bc936942398b,bilge.webcam,premium,448,53.92,medium,low,5,namesilo,,,23/09/2026 15:50
c117ecac-4913-47ac-adb6-5d656f9c75ee,buzz.webcam,premium,1300,130,high,low,4,namecheap,,,25/09/2026 00:26
e185efb7-396d-4385-bc63-9d2faf647a40,tantrik.webcam,available,11.99,11.99,high,low,7,namesilo,,,11/09/2026 08:07
f8151e7a-6dda-42f0-810c-85b677ace1ca,condign.webcam,available,12.98,17.98,medium,low,7,namecheap,,,12/08/2026 20:26
d3239942-ef5b-4082-acc1-8c936f1467aa,chain.webcam,premium,1107,116,high,low,5,namesilo,,,
f8c78ec0-8938-4af5-a243-ddf4921290ee,annona.webcam,premium,448,53.92,medium,low,6,namesilo,,,19/09/2026 10:30
f28ebc60-652e-4718-b8c4-f85024137de8,gravity.webcam,premium,,,high,medium,7,,,,27/09/2026 13:53
5038cb23-4a32-4734-be3f-3bd7ee3a0435,hausen.webcam,available,11.99,11.99,medium,low,6,namesilo,,,17/09/2026 01:50
74a98853-80b2-4db1-bccb-18c5c95c2610,indate.webcam,available,11.99,11.99,medium,low,7,namesilo,,,
6417692c-06ed-45db-bc89-ca090ad52ef2,candle.webcam,premium,625,,high,low,6,name.com,,,
dd418ff0-11ab-4ff5-8bba-80a3b62093c1,fearsome.webcam,available,11.99,11.99,medium,low,8,namesilo,,,14/08/2026 08:55
a479a417-48b3-40d0-9975-6a226eec5ccb,bureau.webcam,premium,130,32.5,high,low,6,namecheap,,,17/09/2026 17:00
e20ea0d1-0449-42e5-8775-b6c0f255d01a,discharged.webcam,premium,116,29.5,medium,low,10,namesilo,,,14/08/2026 09:49
1a37627a-4bf5-4ba1-9ef0-03f7adcecd7f,paul.webcam,premium,116,29.5,high,medium,4,namesilo,,,
e6db9a34-1973-4c23-a3c9-f753c569fe4a,atropos.webcam,available,11.99,11.99,medium,low,7,namesilo,,,21/09/2026 01:01
5f2c13bf-2c36-41a7-a4a2-5fc801654b6a,aleve.webcam,premium,448,53.92,medium,low,5,namesilo,,,17/09/2026 15:07
8dd96f9b-7bf9-4262-b94f-07a95335b77c,freiburg.webcam,available,12.98,17.98,high,low,8,namecheap,,,28/09/2026 03:48
ac7c757f-91e3-4242-9aa6-1b75c1a8ac75,bowelless.webcam,available,11.99,11.99,high,medium,9,namesilo,,,10/08/2026 23:08
3175d080-e417-4441-a2db-09d19bbde59d,popish.webcam,available,11.99,11.99,medium,low,6,namesilo,,,05/09/2026 01:32
1138b571-c75f-4732-81b7-d56d24e9423b,bricks.webcam,premium,625,,high,low,6,name.com,,,
c74c90e2-caba-47cf-8963-d925e6f2fb7f,abyssal.webcam,premium,437.5,62.5,medium,low,7,name.com,,,
3b25a846-f8e4-4e62-811a-680f6927d809,acuity.webcam,premium,455,65,high,low,6,namecheap,,,17/09/2026 05:29
a905b4cc-e3f8-48a6-9494-efb4f52f474c,terrorism.webcam,premium,640,77.35,medium,low,9,namesilo,,,17/09/2026 04:10
273ccc4e-215c-4b2d-a333-7ee324968834,landlord.webcam,premium,517.7,67.48,high,low,8,spaceship,,,28/09/2026 02:14
abe7ccf1-21b7-48cd-b096-c8927b1a3625,vested.webcam,premium,640,77.35,high,low,6,namesilo,,,13/09/2026 04:49
60f8b8b6-836b-4380-a549-006817ba18d8,les.webcam,premium,625,,high,low,3,name.com,,,
ba36114f-8965-432a-bb89-49e6f2722dfd,them.webcam,premium,625,,medium,low,4,name.com,,,
60519701-8e93-49f8-8644-c388d8525d23,dayspring.webcam,premium,448,53.92,high,low,9,namesilo,,,11/09/2026 02:07
f733abf4-fb44-4b6c-810b-bb341a735920,paint.webcam,premium,625,,high,low,5,name.com,,,
5390dbc8-390e-4f3f-bd9b-fe887c186910,infield.webcam,premium,448,53.92,high,low,7,namesilo,,,22/09/2026 10:07
1fff0d25-2016-4df3-aba3-a3d8d75b3fa9,earn.webcam,premium,625,,high,low,4,name.com,,,
c7f5bfad-203d-4ac5-b78b-cf8fe376aa3c,woman.webcam,premium,6250,,high,low,5,name.com,,,
9ed21173-a8e6-4987-9cad-62c5c206bda3,harassment.webcam,available,11.99,11.99,medium,low,10,namesilo,,,27/09/2026 13:56
beea3243-42e1-4925-b32f-fc396ff38204,baulk.webcam,available,11.99,11.99,medium,low,5,namesilo,,,14/08/2026 04:57
5e0053f7-752e-4601-b8ae-1eefc13e55bd,thusly.webcam,available,12.98,17.98,medium,low,6,namecheap,,,16/09/2026 09:04
6670a283-2944-4665-8fdf-fc72b6bb95a7,stellate.webcam,premium,448,53.92,medium,low,8,namesilo,,,09/09/2026 09:34
1a432c40-0761-4b69-b137-e514d995d3c1,tuneful.webcam,available,11.99,11.99,high,low,7,namesilo,,,24/08/2026 19:43
38ddcc24-02ce-478e-93ca-dfd0dbef28a1,inherently.webcam,available,11.99,11.99,medium,low,10,namesilo,,,15/09/2026 08:20
2d2495c6-7891-4d21-94e7-83bbdb2cf291,downwind.webcam,available,12.98,17.98,medium,low,8,namecheap,,,14/08/2026 18:03
54bb2ad0-339e-423c-be9b-d218ad95e9ea,whispered.webcam,available,11.99,11.99,high,low,9,namesilo,,,13/09/2026 11:35
956abee9-2268-4530-bade-c9a811789902,areal.webcam,premium,437.5,62.5,medium,low,5,name.com,,,06/08/2026 17:21
966d127d-fdf2-4ba7-af57-6daaca0df4d2,preanal.webcam,available,11.99,11.99,high,medium,7,namesilo,,,09/09/2026 01:09
5befd339-4a2a-47a7-b6f2-d06aaf9f2475,twiggy.webcam,premium,455,65,medium,low,6,namecheap,,,11/09/2026 21:34
32f9cd2c-f071-44eb-8884-580dd2deb434,barm.webcam,premium,448,53.92,medium,low,4,namesilo,,,22/09/2026 06:34
5ccb5652-f89b-4e3e-8506-30b84d8683a7,exotic.webcam,premium,12500,125,high,low,6,name.com,,,17/08/2026 17:49
9e11ef62-27b7-4026-bf26-0e912471cdeb,smashingly.webcam,available,11.99,11.99,medium,low,10,namesilo,,,16/09/2026 02:49
f2372e3c-4087-428b-8c10-e9a2d9981c99,clamp.webcam,premium,640,77.35,medium,low,5,namesilo,,,24/09/2026 15:19
8fa0dc15-f16a-4bfb-b8c3-db0a3980a75d,guinean.webcam,available,12.98,17.98,medium,low,7,namecheap,,,20/08/2026 20:52
f10b4bde-a9db-4486-92bc-402c27bcc8a6,minutes.webcam,premium,125,,high,low,7,name.com,,,
aaa01a90-ecfb-407c-99a9-b46ee13219e3,fingerless.webcam,available,11.99,11.99,medium,low,10,namesilo,,,18/08/2026 04:55
58b14f46-7295-4ee3-b122-a0f15ec74987,shuha.webcam,available,11.99,11.99,medium,low,5,namesilo,,,10/09/2026 07:04
5518fea3-c810-4614-9279-27a8cad6b1a0,insignificant.webcam,available,11.99,11.99,medium,low,13,namesilo,,,
5aa0b99a-8134-4f0e-aa6f-34264f4cef47,combative.webcam,available,12.98,17.98,medium,low,9,namecheap,,,
d0ab2c85-51c8-472b-85f4-979b7527b906,preferences.webcam,premium,437.5,62.5,high,low,11,name.com,,,
d95f531b-5f25-432a-a701-a6f7163bab4b,harlot.webcam,premium,437.5,62.5,medium,low,6,name.com,,,13/08/2026 14:19
fb2e5aa8-7f13-4d14-8bef-6608e62852d2,tubal.webcam,available,12.98,17.98,medium,low,5,namecheap,,,11/09/2026 20:53
424fe289-93ad-4bbe-8a81-108ea7be1a8a,anshar.webcam,available,12.98,17.98,medium,low,6,namecheap,,,19/09/2026 12:12
db01096f-acc4-4bf8-9baa-9fa3588b4b31,stonelike.webcam,available,12.98,17.98,medium,low,9,namecheap,,,08/09/2026 18:26
be6a02be-e592-448d-9d8c-81c7ba2f65b4,automat.webcam,premium,448,53.92,high,low,7,namesilo,,,21/09/2026 06:52
b7e4462a-0316-4a45-9a3a-b73286a4c864,bedtime.webcam,premium,1107,116,high,low,7,namesilo,,,22/09/2026 23:43
5efdfdfb-e8fa-42ef-8a7a-2d7ba3ada210,areola.webcam,available,11.99,11.99,medium,low,6,namesilo,,,20/09/2026 03:49
769ab17a-eaf0-48c7-a743-01043384d77a,spineless.webcam,available,11.99,11.99,medium,low,9,namesilo,,,22/08/2026 08:58
7293e03d-0a9d-42e1-b41f-7862fa03d0e6,overgreedy.webcam,available,11.99,11.99,medium,low,10,namesilo,,,04/09/2026 20:38
6158b07d-bbad-4599-831b-dfd049c7100c,evans.webcam,premium,640,77.35,high,low,5,namesilo,,,20/09/2026 10:48
c457b00f-4376-44c1-bb58-1d8d927351a6,arrests.webcam,premium,650,84.5,medium,low,7,namecheap,,,20/09/2026 19:12
1e21bb8d-238c-4205-a56b-4143dce32546,pawpaw.webcam,premium,448,53.92,medium,low,6,namesilo,,,20/09/2026 14:11
ab5c82c3-7782-4219-b938-f84b26625091,requisitions.webcam,available,11.99,11.99,medium,low,12,namesilo,,,20/09/2026 14:26
e9a1e87f-8038-4b61-870a-a7b9ab27e963,blame.webcam,premium,625,81.25,high,low,5,name.com,,,10/08/2026 12:37
64b323c8-a1cc-4c58-899c-052358040215,vector.webcam,premium,437.5,,high,low,6,name.com,,,
3b78642d-7543-4c3b-adc4-1939254961f4,allometric.webcam,available,11.99,11.99,medium,low,10,namesilo,,,
41b7048e-bef3-4a95-bf2b-775c142f614f,splurge.webcam,premium,455,65,high,low,7,namecheap,,,23/09/2026 17:20
b5f303b0-512c-44cc-8e08-d8aac8d9e341,leland.webcam,premium,103.7,26.08,medium,low,6,spaceship,,,27/09/2026 21:02
58971cc3-9b58-4a58-9e2a-3537e2f99e8a,ruth.webcam,premium,116,29.5,high,low,4,namesilo,,,21/09/2026 12:34
cb168a5f-aaa2-482a-9765-ef93ecf618f4,docile.webcam,available,11.99,11.99,medium,low,6,namesilo,,,14/08/2026 14:17
cacad12e-e865-4763-8329-312ce80076d1,wharton.webcam,premium,130,32.5,high,low,7,namecheap,,,25/09/2026 22:32
7bbbaa4a-989a-4d1c-a60b-8ce9c6af6a4d,zippo.webcam,premium,448,53.92,high,low,5,namesilo,,,03/09/2026 22:45
15382b5a-17bf-4a67-8800-6354ef1cd89e,radon.webcam,premium,448,53.92,high,low,5,namesilo,,,21/09/2026 00:00
4e35b20c-c113-46c6-8237-8737c1a894af,teach.webcam,premium,640,77.35,high,low,5,namesilo,,,24/09/2026 02:03
082dfa5d-86bb-47fe-8ff0-a71b8b65e924,disciple.webcam,premium,437.5,62.5,high,low,8,name.com,,,
27f980fe-e336-4ab3-8e87-5789a5e25d93,chiliad.webcam,available,,,high,low,7,,,,
6ebbf476-fe73-417f-b726-6144c51abecc,stepmother.webcam,premium,1250,,high,low,10,name.com,,,
d29c0de1-b2f6-4f7d-9ac9-f0141f9af79d,arquebus.webcam,available,11.99,11.99,medium,low,8,namesilo,,,20/09/2026 08:40
c2d02d8d-76b1-4672-9673-9768f3c1ea5b,blackening.webcam,available,34.99,37.99,medium,low,10,name.com,,,13/08/2026 18:12
dc102d6c-33ae-49a3-bdc4-f27227bf8545,freight.webcam,premium,640,77.35,high,low,7,namesilo,,,23/09/2026 08:23
3c20902b-0792-4289-a623-6198b0cafcc2,bauble.webcam,premium,448,53.92,medium,low,6,namesilo,,,22/09/2026 16:31
72e2f0a5-5893-4d51-b9ab-03f08390c734,oneself.webcam,premium,625,,high,low,7,name.com,,,
3050916b-0bc6-4ae0-833e-cc6c73e7353e,lewd.webcam,premium,125,37.99,high,low,4,name.com,,,22/08/2026 20:07
c1eb549f-f7ef-48c5-bbc6-1a24daa6e1e2,unordered.webcam,available,11.99,11.99,medium,low,9,namesilo,,,12/09/2026 16:18
b66cfef7-553a-4f61-9bc4-e1330d9c26c0,affaire.webcam,available,11.99,11.99,medium,low,7,namesilo,,,17/09/2026 14:00
2dfbc104-a654-413d-92c8-dac74afc6774,sumptuous.webcam,premium,437.5,62.5,high,low,9,name.com,,,14/08/2026 01:02
42389812-ec2e-4b28-97d7-3181e7782962,playlists.webcam,available,11.99,11.99,medium,low,9,namesilo,,,21/09/2026 09:24
c3460853-6e26-4a70-a9cd-80a0afabd421,guido.webcam,premium,448,53.92,high,low,5,namesilo,,,27/09/2026 06:38
afff9e79-6fd6-4ef5-a459-30e14743f917,backflow.webcam,premium,448,53.92,high,low,8,namesilo,,,21/09/2026 15:32
13c153e9-88f7-4ca6-be29-fe57459de44d,anguis.webcam,available,11.99,11.99,medium,low,6,namesilo,,,19/09/2026 07:34
9ca857b3-475f-43f0-acf0-025988779e3e,breast.webcam,premium,13800,116,high,low,6,namesilo,,,24/09/2026 08:29
8af1e0ed-45ad-4276-b6c4-591b606464cc,stretched.webcam,available,11.99,11.99,medium,low,9,namesilo,,,10/09/2026 22:34
434a3ee0-8e99-40a2-923b-2f633dca93b9,atar.webcam,available,12.98,17.98,medium,low,4,namecheap,,,20/09/2026 19:24
d6749ef9-519f-4644-81bf-d6e089177100,stretch.webcam,premium,650,84.5,high,low,7,namecheap,,,21/09/2026 20:13
facb4f2c-80f1-4cd8-a0df-db5c6b2dd2a2,woolen.webcam,available,11.99,11.99,medium,low,6,namesilo,,,13/09/2026 13:13
3cd42ef5-c7df-44bb-935c-52e3d8353c7f,longitude.webcam,premium,625,,high,low,9,name.com,,,
bfb92289-ea04-4f93-bdc5-b3eeeedfd160,actable.webcam,premium,437.5,62.5,medium,low,7,name.com,,,
da68eff6-a0ad-445f-be7a-8840b22202ed,tie.webcam,premium,625,,high,low,3,name.com,,,
f9e5fac2-12a1-4d18-9ae2-490ff7f8df93,otiose.webcam,available,12.98,17.98,medium,low,6,namecheap,,,17/08/2026 20:56
8792de6f-f271-4ed4-a5c1-d1eac6d2e427,whitish.webcam,available,11.99,11.99,medium,low,7,namesilo,,,24/08/2026 23:06
ddf0136e-285f-4a64-8359-8cf1f3d65405,ringtail.webcam,available,11.99,11.99,medium,low,8,namesilo,,,22/09/2026 12:08
89cf80f6-8893-4433-9243-212b9537eca6,launches.webcam,available,11.99,11.99,medium,low,8,namesilo,,,21/09/2026 09:09
e57a51a1-e636-4e65-ad75-6c8b4dc0a305,ionized.webcam,available,11.99,11.99,high,low,7,namesilo,,,22/08/2026 09:31
e58d8e71-a3f8-4673-891f-7b2c180c31e1,baptized.webcam,premium,625,81.25,high,low,8,name.com,,,08/08/2026 14:55
9c71f0bb-e8a2-4e25-beab-d4d6bf2f43d2,besom.webcam,available,11.99,11.99,medium,low,5,namesilo,,,23/09/2026 10:25
be0e503f-28dd-4985-b7b1-ab14cabee7c0,applaud.webcam,premium,625,,high,low,7,name.com,,,
dd2351bb-204a-4065-9a03-9fce64a4f181,larval.webcam,available,12.98,17.98,medium,low,6,namecheap,,,22/08/2026 20:01
ee2960db-ca27-4cda-b408-53b4753a6a5c,sarawakian.webcam,available,12.98,17.98,high,medium,10,namecheap,,,09/09/2026 21:26
0be2caee-9a09-4674-8b2b-29b53a7ab452,stayed.webcam,available,12.98,17.98,medium,low,6,namecheap,,,27/09/2026 02:56
83ed4a66-a152-4634-8abd-18b21541849e,winsomely.webcam,available,11.99,11.99,medium,low,9,namesilo,,,14/09/2026 15:43
81d7ddf2-5a6d-4500-8902-486ed2ec6335,geek.webcam,premium,1107,116,high,low,4,namesilo,,,24/09/2026 13:18
5fdebb02-d21c-471b-870d-ba03624fc62f,autarchy.webcam,available,11.99,11.99,medium,low,8,namesilo,,,21/09/2026 05:05
3c340ff3-e9bd-481d-a783-acd02b8da59f,pseud.webcam,available,11.99,11.99,medium,low,5,namesilo,,,09/09/2026 05:04
9ec9c4cf-bede-4d6d-b516-cd310a2d36d7,ingenious.webcam,available,11.99,11.99,high,low,9,namesilo,,,22/08/2026 04:52
55b6ec00-9933-4ab6-92dc-bca55aa0c12b,horny.webcam,premium,12500,125,high,low,5,name.com,,,13/08/2026 01:41
043fc25c-b259-4592-b63b-6f860abab2d0,carl.webcam,premium,116,29.5,high,medium,4,namesilo,,,25/09/2026 11:30
5052deeb-3a6d-4c27-8ace-c0de8c65128d,fresher.webcam,premium,437.5,62.5,high,low,7,name.com,,,18/08/2026 15:22
08fca79a-0949-40d3-bb2e-dadaf38e6a33,marty.webcam,premium,130,32.5,high,low,5,namecheap,,,25/09/2026 15:43
48ebaab8-451a-4789-91f8-1a81909b24d8,auriferous.webcam,available,12.98,17.98,medium,low,10,namecheap,,,22/09/2026 13:02
c51a15cf-2c13-45b3-a0ba-ff4d34b9fd6b,goose.webcam,premium,448,53.92,high,medium,5,namesilo,,,24/09/2026 07:50
5dd627ab-457b-4568-9988-37d11becc12b,iterative.webcam,available,11.99,11.99,high,low,9,namesilo,,,22/08/2026 11:39
12e5be1e-d4db-4861-b4b1-f172a3c064d4,claxon.webcam,available,11.99,11.99,medium,low,6,namesilo,,,23/09/2026 01:29
beea2f85-8283-47b9-a576-8ade9c7ac6b0,childly.webcam,available,11.99,11.99,medium,low,7,namesilo,,,12/08/2026 05:14
e1b170ac-7280-47ff-b1b1-09f692959e6b,visibly.webcam,premium,448,53.92,medium,low,7,namesilo,,,16/09/2026 11:04
9ed9e681-fccd-4539-b4f6-bd061eacd50e,consequent.webcam,available,11.99,11.99,high,low,10,namesilo,,,
7af74cc5-8e6c-4e0d-bd81-2373aface393,snuffling.webcam,available,11.99,11.99,high,medium,9,namesilo,,,10/09/2026 12:36
efbdb683-cb6c-4ec5-a8f7-02870cd9ea18,sells.webcam,premium,640,77.35,high,low,5,namesilo,,,28/09/2026 03:41
6cb4330f-2d8c-4c1e-842c-fbad702b3688,source.webcam,premium,640,77.35,high,medium,6,namesilo,,,25/09/2026 22:58
b75a0fd5-9a6c-4ff7-9b43-6071bdd84e49,undogmatic.webcam,available,11.99,11.99,medium,low,10,namesilo,,,18/08/2026 14:50
840f09fa-43bc-4b56-851b-da127eceb5da,josh.webcam,premium,625,81.25,high,medium,4,name.com,,,22/08/2026 13:51
8f46eff4-52ee-4ff8-8da9-97bcdd7a642c,mills.webcam,premium,125,,high,low,5,name.com,,,
6162fdb8-7957-4132-b7e0-4c1cdd1b9c28,sanctified.webcam,available,12.98,17.98,high,medium,10,namecheap,,,09/09/2026 21:10
22444fc9-a14d-4389-8a94-5efbe1e38f2a,shy.webcam,premium,625,,high,low,3,name.com,,,27/09/2026 21:35
9275372e-4438-4fe8-abd7-eb38a0d05b43,eagerness.webcam,available,11.99,11.99,high,low,9,namesilo,,,21/09/2026 09:28
6abf6eea-320a-4085-9932-80ba9dea1fbd,closed.webcam,premium,116,29.5,high,low,6,namesilo,,,12/08/2026 12:15
1904f539-dce8-4295-b153-ec4dafa807ab,reader.webcam,premium,625,,high,low,6,name.com,,,
459ecc20-3d73-4433-83ac-a576bfcb6226,crane.webcam,premium,650,84.5,high,low,5,namecheap,,,24/09/2026 19:02
4a978213-4e6c-42e1-a711-24d3feb05931,tomboys.webcam,available,11.99,11.99,low,low,7,namesilo,,,20/09/2026 23:15
66d95b2d-cb76-4693-b3b6-e3b251c1b70f,arena.webcam,premium,625,,high,medium,5,name.com,,,
9ab322df-e726-4fb4-8737-4898879ad6c1,fragrant.webcam,premium,437.5,62.5,high,low,8,name.com,,,18/08/2026 14:03
078527fa-3922-4520-a590-17181b7073be,dicey.webcam,premium,625,81.25,medium,low,5,name.com,,,12/08/2026 01:44
07f2ea1f-9799-473e-8fc3-31333495b9f9,substantial.webcam,available,11.99,11.99,high,low,11,namesilo,,,
d79c55e8-8fe0-48e3-a59f-adcfd72c6603,whitener.webcam,available,11.99,11.99,medium,low,8,namesilo,,,24/09/2026 03:50
5d1caaf3-dbe9-4570-9174-81c6642758a9,hardin.webcam,premium,640,77.35,medium,low,6,namesilo,,,28/09/2026 04:15
96780a0f-5dcd-481e-90bc-65521c5ce055,discounter.webcam,available,12.98,17.98,high,low,10,namecheap,,,28/09/2026 02:50
80b68de2-22e9-43e1-9b66-63a7a7f1140b,bayesian.webcam,available,11.99,11.99,medium,low,8,namesilo,,,09/08/2026 03:13
284b80f0-21cf-422d-b531-25fa93a0dbb7,wingstem.webcam,available,11.99,11.99,medium,low,8,namesilo,,,17/09/2026 04:57
b712bcf3-ea61-4075-ab1a-bfc5015f0943,lifelessly.webcam,available,34.99,37.99,low,low,10,name.com,,,13/08/2026 19:35
866b794f-8caf-4b7c-a2bc-c3aee81c931d,mounted.webcam,premium,625,81.25,high,low,7,name.com,,,25/08/2026 08:34
73f4566a-fe2e-4b2e-ab16-96b66793b1f3,dickson.webcam,premium,116,29.5,high,low,7,namesilo,,,25/09/2026 15:42
089eceb2-a3e2-449c-80ee-6f3cb9413d2e,conducive.webcam,available,12.98,17.98,high,low,9,namecheap,,,12/08/2026 20:30
6ff20d52-e9ba-439d-b949-558d7346aac1,lace.webcam,premium,625,,high,low,4,name.com,,,
9e1af817-9b37-4de5-ad87-22714992a5dd,produces.webcam,premium,640,77.35,medium,low,8,namesilo,,,17/09/2026 14:14
eb176d06-8be7-414f-88bf-5a285a945403,poised.webcam,premium,625,81.25,high,low,6,name.com,,,17/08/2026 11:38
35256551-bb00-4dfa-ad75-38a7d601a915,guadalupe.webcam,premium,116,29.5,medium,low,9,namesilo,,,25/09/2026 15:36
ad672817-0a8c-4aad-8da4-a01ba2d2bbbf,calamitous.webcam,available,11.99,11.99,medium,low,10,namesilo,,,11/08/2026 13:28
6524af38-dd25-4164-8366-9a8db47a1523,wineberry.webcam,premium,448,53.92,medium,low,9,namesilo,,,20/09/2026 05:57
4a325a7f-4c68-4c59-a037-e55c8a4ed456,unaged.webcam,available,11.99,11.99,medium,low,6,namesilo,,,12/09/2026 00:11
8bf5b005-2d77-405c-9b55-215c30846042,blasphemer.webcam,available,12.98,17.98,medium,low,10,namecheap,,,24/09/2026 04:14
1811759f-245e-42dc-94d4-0c5ab0c34471,punk.webcam,available,11.99,11.99,high,low,4,namesilo,,,23/09/2026 11:14
9045616a-3cbc-4976-b40e-f38199153bc7,scalable.webcam,available,11.99,11.99,high,low,8,namesilo,,,09/09/2026 22:15
16735763-99ea-46e5-a5b9-850f6151115c,attached.webcam,available,11.99,11.99,high,low,8,namesilo,,,
27c2487c-277b-4520-9cd7-d91f8ead151e,akron.webcam,premium,116,29.5,high,low,5,namesilo,,,18/09/2026 00:14
1711cefd-d3bd-420e-88da-24dee842769c,casserole.webcam,available,12.98,17.98,high,low,9,namecheap,,,24/09/2026 13:04
742c5520-2a3c-4b0c-bf98-819785ae358c,atacama.webcam,premium,437.5,,medium,low,7,name.com,,,
ea25a19c-ac6d-4a5f-844d-aa413eaf4121,rouser.webcam,available,12.98,17.98,medium,low,6,namecheap,,,20/09/2026 08:33
a9078cd9-7285-476b-8456-d32ccb6d8ba8,citrous.webcam,available,11.99,11.99,medium,low,7,namesilo,,,25/09/2026 05:54
4d25891c-2d0c-49ed-b494-4720200abdb7,mourning.webcam,premium,625,81.25,medium,low,8,name.com,,,25/08/2026 08:38
4eb2b5c7-f7f3-4a7e-8326-41bc46cbf7fd,pulling.webcam,available,11.99,11.99,high,low,7,namesilo,,,25/09/2026 10:11
eabb2f5d-5bce-4430-a299-c9cc01ce4b74,cxx.webcam,available,,,high,low,3,,,,
48a769a2-e603-48b2-b8d3-1f73252b5a9a,magnate.webcam,premium,448,53.92,high,low,7,namesilo,,,23/09/2026 14:16
6cd53870-7364-4ef7-8e8f-5ce1eadee61e,rightness.webcam,available,11.99,11.99,medium,low,9,namesilo,,,19/09/2026 22:23
08da576e-3d0a-4a0f-856f-4bb543196b07,considered.webcam,available,12.98,17.98,high,low,10,namecheap,,,23/09/2026 20:51
c1e04186-2629-4995-9474-a79f63009997,labour.webcam,premium,125,,high,low,6,name.com,,,
735d551b-0451-45ce-82d4-ee1a081173d8,shodden.webcam,available,11.99,11.99,high,medium,7,namesilo,,,10/09/2026 06:42
4719de14-bcee-4fc4-9376-3ba998ed0039,cathy.webcam,premium,116,29.5,high,low,5,namesilo,,,17/09/2026 16:36
553c5d86-d4ac-40a1-b744-1f57eb941636,bountiful.webcam,premium,125,37.99,high,low,9,name.com,,,09/08/2026 20:52
8a51edf6-fc9c-4148-b4cc-f89bf5b724f8,titanic.webcam,premium,640,77.35,high,low,7,namesilo,,,11/09/2026 16:30
95a1932d-b9be-4022-ab67-b3f4921dbc2f,cracked.webcam,premium,448,53.92,high,low,7,namesilo,,,22/09/2026 01:30
31f622e9-a585-4dc8-90a3-772e4bc3a451,motorist.webcam,available,11.99,11.99,high,low,8,namesilo,,,21/09/2026 07:26
4ff7b831-736f-467b-ad2e-e79958cd2d19,define.webcam,available,11.99,11.99,high,low,6,namesilo,,,24/09/2026 05:41
4decf43d-b0d1-47b5-a72e-ec5c41a91b42,prodromic.webcam,available,11.99,11.99,medium,low,9,namesilo,,,09/09/2026 02:46
60887ab5-a8b5-499c-9c79-4e17d45ab522,continuing.webcam,available,11.99,11.99,high,low,10,namesilo,,,23/09/2026 22:17
03469bb1-9160-4742-984d-5f130ea1cfd7,bunghole.webcam,premium,640,77.35,medium,low,8,namesilo,,,20/09/2026 09:34
d3d87495-4848-4e75-adfa-e39729c42c29,neighbors.webcam,premium,448,53.92,high,low,9,namesilo,,,18/09/2026 09:55
d42bedf8-1ede-4fc2-9feb-8bf0da85e6bd,trumpcare.webcam,available,11.99,11.99,medium,low,10,namesilo,,,
68ab1ec0-b167-47e2-91a5-26a76b559700,insolvent.webcam,available,11.99,11.99,medium,low,9,namesilo,,,08/08/2026 13:34
67ab55ee-2d98-44e6-b5ca-9d2359f0c7c6,rejoicing.webcam,available,11.99,11.99,high,low,9,namesilo,,,17/08/2026 19:50
01d1b9e9-8b7b-4286-8cb5-274b63e24a83,meshing.webcam,available,11.99,11.99,high,low,7,namesilo,,,22/08/2026 08:10
29ba1dbd-635b-42e8-982f-0956478e594e,antithesis.webcam,premium,448,53.92,medium,low,10,namesilo,,,19/09/2026 15:11
43b68510-6c6b-4264-87a3-9ad280359644,lead.webcam,premium,640,77.35,high,medium,4,namesilo,,,25/09/2026 13:15
70e953a8-59d3-4afc-bd88-27238b25ecf2,control.webcam,premium,640,77.35,high,low,7,namesilo,,,25/09/2026 05:47
bae7d1a9-74c2-4271-9533-bb4591f7fd41,hatted.webcam,available,11.99,11.99,medium,low,6,namesilo,,,21/08/2026 01:22
778669f4-d0b1-4192-8460-3e976def5a0a,pigboat.webcam,available,11.99,11.99,medium,low,7,namesilo,,,11/09/2026 00:21
b6d9b4e1-e075-46ff-99f3-a2ccabd6aa31,turtledove.webcam,premium,448,53.92,medium,low,10,namesilo,,,21/09/2026 04:53
f1c1fa43-724a-41e4-b354-036eb8585682,replacement.webcam,premium,625,,high,low,11,name.com,,,
2dd913b2-92fd-4f7b-95d2-2a479b5b08c2,songwriter.webcam,available,11.99,11.99,high,low,10,namesilo,,,21/09/2026 22:37
e062006c-65a6-4b52-bc64-04200d576761,natation.webcam,available,11.99,11.99,medium,low,8,namesilo,,,18/08/2026 08:34
4231058e-eca3-4b01-a00f-e85e4b835a27,causes.webcam,premium,448,53.92,medium,low,6,namesilo,,,27/09/2026 09:34
cd4dbdbc-1789-4472-b633-1ac7d4729211,valerie.webcam,premium,650,84.5,high,low,7,namecheap,,,26/09/2026 03:44
1c2575a9-cf4a-4acf-ae31-9103f6c262a3,gun.webcam,premium,625,,high,low,3,name.com,,,
2297b99c-b5f2-4606-bc61-f0d805bef4b1,tension.webcam,premium,517.7,67.48,high,low,7,spaceship,,,27/09/2026 14:38
88dd8d25-6edb-4c74-acb6-84a7ed4ee3d9,godhead.webcam,premium,437.5,62.5,medium,low,7,name.com,,,
1df00efe-81ba-4046-92de-d1bc17b4d636,revisions.webcam,premium,448,53.92,medium,low,9,namesilo,,,20/09/2026 05:28
de1f28ee-e389-4ae9-9be4-ea7399f9cd8c,paperlike.webcam,available,11.99,11.99,medium,low,9,namesilo,,,12/08/2026 02:45
a4f67436-1cfb-4322-8257-d575c65701a8,ferment.webcam,available,11.99,11.99,high,medium,7,namesilo,,,10/09/2026 14:45
14ec4175-0433-4091-8fd5-248d43d2b9cd,ruly.webcam,premium,455,65,high,medium,4,namecheap,,,09/09/2026 19:21
de274298-2365-4052-a716-d8b5e169056a,rarer.webcam,available,12.98,17.98,medium,low,5,namecheap,,,20/09/2026 08:12
9cf4298c-03d3-4064-8ec3-fe52e4afdf9a,lull.webcam,premium,437.5,62.5,high,low,4,name.com,,,11/08/2026 15:04
11a18d9a-d9e3-4c51-9709-83f5f5183847,haifa.webcam,premium,,,high,low,5,,,,28/09/2026 02:03
972c8f5b-a179-4070-8c6a-aa5322181e35,border.webcam,premium,640,77.35,high,low,6,namesilo,,,23/09/2026 00:10
9c5e7608-8b95-4650-8cc1-39777d26f0e4,emma.webcam,premium,640,77.35,high,medium,4,namesilo,,,25/09/2026 12:33
c9fe93fc-a7f0-46e2-b995-f85eb4ab42ff,parvenu.webcam,available,11.99,11.99,medium,low,7,namesilo,,,03/09/2026 22:14
3e6df715-2ce6-43c5-9632-2343ed2f2d07,unkempt.webcam,available,11.99,11.99,medium,low,7,namesilo,,,12/09/2026 14:07
8481aeba-8b33-44f9-8f3a-b560ad928448,sofa.webcam,premium,650,84.5,high,low,4,namecheap,,,24/09/2026 18:34
119eff64-e04a-4f1b-bf2c-474f8881cea3,thrilly.webcam,available,12.98,17.98,medium,low,7,namecheap,,,18/09/2026 19:36
c3f83ee3-d6b3-4bee-ac9a-96cdddeb110d,nickelodeon.webcam,premium,437.5,,high,low,11,name.com,,,
20247162-d1ec-4737-a29d-2550e668d88b,dictation.webcam,available,11.99,11.99,high,low,9,namesilo,,,23/09/2026 13:35
6da83f02-ee64-42a5-bcdb-85862a1ff4bf,opencast.webcam,available,11.99,11.99,medium,low,8,namesilo,,,04/09/2026 16:08
b77a7e4c-e2f9-48af-b441-aa74856ba129,aotus.webcam,available,11.99,11.99,medium,low,5,namesilo,,,19/09/2026 16:05
ab042632-4d05-4087-9b5b-db9f5cfc756f,adducent.webcam,available,11.99,11.99,medium,low,8,namesilo,,,
4ada8452-7292-4039-b736-949d4630bef0,demoted.webcam,available,11.99,11.99,low,low,7,namesilo,,,21/09/2026 05:02
07ab336a-5090-474a-83c9-46773ced2a74,zack.webcam,premium,546.35,71.48,high,low,4,porkbun,,,27/09/2026 18:11
a8022b9e-094e-45fd-a928-01abd9ba7c2b,horseman.webcam,premium,625,81.25,high,low,8,name.com,,,17/08/2026 11:44
5efd6187-9023-4c1b-8dde-275e509c27de,destroy.webcam,premium,1107,116,high,low,7,namesilo,,,25/09/2026 10:30
8d87efd9-4fa0-4f67-a8fc-4e6812ddf142,promises.webcam,premium,448,53.92,medium,low,8,namesilo,,,27/09/2026 03:01
2b52fac7-0f6f-4e2f-aafd-f7b217c2dda3,vila.webcam,premium,640,77.35,high,low,4,namesilo,,,24/09/2026 12:33
2e80605d-5a3b-4373-894d-df09560b1d77,soapy.webcam,premium,437.5,62.5,medium,low,5,name.com,,,11/08/2026 11:48
c7b01bdf-22e3-4558-8eaf-1d58ed3b7941,camille.webcam,premium,640,77.35,high,low,7,namesilo,,,27/09/2026 07:42
bcc0fa45-707e-45e3-b7ae-e28e04118a54,landscaped.webcam,available,11.99,11.99,medium,low,10,namesilo,,,22/08/2026 19:30
40e7a0df-a6cb-4b1e-a9f6-a3f045af3526,colombo.webcam,premium,116,29.5,high,low,7,namesilo,,,
50fa5302-fb0c-484b-b139-3f329cd78952,romantic.webcam,premium,640,77.35,high,low,8,namesilo,,,22/09/2026 03:28
dee0d186-55fb-4900-b61b-60c49601df60,motivate.webcam,premium,116,29.5,high,low,8,namesilo,,,27/09/2026 07:34
25b36d4d-37ae-4136-93d3-1f9b5252caf7,runabout.webcam,premium,437.5,,medium,low,9,name.com,,,
feea873b-94cd-489c-828d-49595729a13b,subliminal.webcam,premium,448,53.92,high,low,10,namesilo,,,11/09/2026 00:08
bb0fb2ad-80f5-487b-bf65-2e2b55850189,guerilla.webcam,available,11.99,11.99,high,low,8,namesilo,,,22/08/2026 10:15
ddd0a865-0fb4-42a5-8775-ec425a46bb60,cryonic.webcam,available,11.99,11.99,medium,low,7,namesilo,,,13/08/2026 09:37
21390ce9-46dd-4fe5-84f1-0072602a0532,kicks.webcam,premium,455,65,high,low,5,namecheap,,,18/09/2026 05:38
c76d2567-7881-43ee-b90f-68924aeaa465,wimp.webcam,premium,650,84.5,medium,low,4,namecheap,,,24/09/2026 19:54
ae4a4339-e44e-498a-84f7-49b7682130ab,knobbly.webcam,available,11.99,11.99,medium,low,7,namesilo,,,22/08/2026 16:31
bef7300f-59f0-4b82-bcd9-ea09664bee2a,spot.webcam,premium,116,29.5,high,medium,4,namesilo,,,
36a2257f-916d-42ec-995e-9d1aa1230eea,becomingly.webcam,available,11.99,11.99,medium,low,10,namesilo,,,13/09/2026 23:45
0a414dde-103a-4e98-b26d-31631683680d,picking.webcam,available,12.98,17.98,high,low,7,namecheap,,,25/09/2026 09:58
129df942-ddf6-4f5a-94dc-8de6e8123d06,opens.webcam,available,11.99,11.99,medium,low,5,namesilo,,,18/09/2026 23:02
79db3187-baa5-4c66-8b86-2bc9bd2e4b94,raiding.webcam,premium,625,81.25,medium,low,7,name.com,,,24/08/2026 15:45
7214b639-4f34-4190-beb7-fda78ae8945a,isomeric.webcam,available,11.99,11.99,medium,low,8,namesilo,,,22/08/2026 11:08
8e90642c-5586-46e8-ae78-c3bc4190a7e3,saginaw.webcam,premium,103.7,26.08,medium,low,7,spaceship,,,28/09/2026 03:02
bb6cd110-1727-4bfe-a7fc-6eeb42e49f47,abator.webcam,available,11.99,11.99,medium,low,6,namesilo,,,16/09/2026 14:13
afeeb44b-bc75-46cd-b915-1ca2d70a3cf3,remainder.webcam,premium,625,81.25,high,low,9,name.com,,,09/09/2026 15:03
4a462e69-009c-4bfc-b0ca-494dac0fb746,agleam.webcam,available,11.99,11.99,medium,low,6,namesilo,,,
657ab0e8-fb42-470f-9ffd-f725c889b7bc,alky.webcam,premium,116,29.5,medium,low,4,namesilo,,,
6502de21-897f-4c19-9ff5-c82746fb42bb,void.webcam,premium,640,77.35,high,medium,4,namesilo,,,25/09/2026 23:24
d33af89b-a511-4975-ba5f-99fe90321866,speckless.webcam,available,11.99,11.99,medium,low,9,namesilo,,,21/08/2026 20:42
862e6535-ebf3-429a-9dce-365bc79a792c,undesired.webcam,available,11.99,11.99,medium,low,9,namesilo,,,12/09/2026 07:49
7043fa60-c46e-4d49-abef-84c416528ede,commodity.webcam,available,11.99,11.99,high,low,9,namesilo,,,
69815db6-7407-43e5-8c2f-02d75a62b17b,amoy.webcam,premium,448,53.92,medium,low,4,namesilo,,,18/09/2026 23:05
03e55c31-8d7e-49f1-bab1-090c0154ff4c,anchovy.webcam,premium,448,53.92,high,low,7,namesilo,,,19/09/2026 03:46
398d0ccb-d05b-4f7a-a2e7-35abc03798da,lucifugous.webcam,available,11.99,11.99,low,low,10,namesilo,,,24/08/2026 10:55
d29a5e91-96a9-4604-b059-18442ee8eec0,ruddy.webcam,premium,116,29.5,high,low,5,namesilo,,,10/08/2026 14:59
8290ec84-ac6d-4002-bc2a-a0350624adb6,uptill.webcam,available,12.98,17.98,low,low,7,namecheap,,,16/09/2026 20:20
c1963c0d-18dc-40e4-9232-9f3a03457420,omdurman.webcam,premium,640,77.35,medium,low,8,namesilo,,,22/09/2026 15:32
b3e2b28a-7fd6-4999-a23e-77b7978acbbe,uniformly.webcam,available,11.99,11.99,medium,low,9,namesilo,,,16/09/2026 10:05
cf01926f-9f2d-48c9-9448-113ce0c3492d,smuggled.webcam,premium,650,84.5,medium,low,8,namecheap,,,22/09/2026 21:31
015ce542-e8da-446a-b266-e5eb9ba2cafd,aqua.webcam,premium,448,53.92,high,medium,4,namesilo,,,19/09/2026 22:48
4c97c16b-6b2f-4441-961b-097bc4b5fdfd,goldilocks.webcam,premium,650,84.5,high,low,10,namecheap,,,20/09/2026 17:03
c7157ab9-0ce4-4e15-9669-8a148642da48,lydia.webcam,premium,650,84.5,high,low,5,namecheap,,,25/09/2026 09:12
c26f335d-a0db-48bb-9b86-51da3177548d,diversely.webcam,available,11.99,11.99,medium,low,9,namesilo,,,14/09/2026 13:25
a95576fd-b83f-4cce-a92d-5d8cfb614dcc,arboreal.webcam,premium,437.5,62.5,high,low,8,name.com,,,06/08/2026 13:18
15bb5567-8bff-4e9a-b60d-ccd415648aff,bicker.webcam,available,12.98,17.98,medium,low,6,namecheap,,,23/09/2026 13:12
d12d665b-475a-4ce7-9c90-99597c198d07,piano.webcam,premium,640,77.35,high,low,5,namesilo,,,27/09/2026 03:41
cea41dfa-4073-4775-a698-3eed48fc0e7c,outfitted.webcam,available,12.98,17.98,high,low,9,namecheap,,,04/09/2026 19:24
36b93bc2-a78d-4e06-9a26-4e307db7cdd0,tastefully.webcam,available,12.98,17.98,medium,low,10,namecheap,,,16/09/2026 07:59
2b4664d9-21e6-4c81-bfb2-9295356459a4,vibration.webcam,premium,13800,116,high,low,9,namesilo,,,19/09/2026 17:28
0a6d8394-b88d-4395-a258-1c5a1465ee2b,cyber.webcam,premium,3450,116,high,medium,5,namesilo,,,27/09/2026 06:18
3d96cc98-44fe-4e5c-9c5f-0488d81ccfe5,wooden.webcam,premium,625,,high,low,6,name.com,,,
63948689-4fbe-4acd-90d2-8d7221b6817e,prototypes.webcam,available,11.99,11.99,medium,low,10,namesilo,,,21/09/2026 06:44
c96940bb-3e1a-4a7b-ac10-71dd146038e3,bannock.webcam,premium,448,53.92,medium,low,7,namesilo,,,22/09/2026 02:55
ade2c989-1e35-4837-96f2-ffabfe0f0ca7,riyadh.webcam,premium,116,29.5,high,low,6,namesilo,,,
9a1ccbd2-29d9-45e2-9196-5e4e2b856075,upwards.webcam,premium,625,,high,low,7,name.com,,,
0f016b49-b12e-45c3-895c-c07c89ebd6f6,catalogue.webcam,premium,640,77.35,high,low,9,namesilo,,,24/09/2026 13:08
aafccdfb-d18d-4384-802a-73b298d8aeff,crow.webcam,premium,625,81.25,high,low,4,name.com,,,11/08/2026 00:56
1be24b99-c527-49df-af31-3250d1045aa2,sporadic.webcam,available,11.99,11.99,medium,low,8,namesilo,,,10/09/2026 16:29
b345cfe0-ed6a-49a8-b282-aa3129ab0bfa,birdbath.webcam,premium,455,65,high,low,8,namecheap,,,23/09/2026 20:31
21be17b0-f5db-4a50-8331-0edc2be94f87,speculate.webcam,premium,625,,high,low,9,name.com,,,
af69d767-1431-41db-98ec-89a44916e307,upscale.webcam,premium,640,77.35,high,low,7,namesilo,,,12/09/2026 23:19
e5611f50-bf9e-4490-ab86-0154a01b94b9,fastgrowing.webcam,available,11.99,11.99,high,low,12,namesilo,,,
9d7ea933-5067-45ae-bec1-03812fb99175,sun.webcam,premium,625,,high,medium,3,name.com,,,
d897f5ce-844e-4700-93c0-adaeb767f8ff,lithuania.webcam,available,,,high,high,9,,,,
8f929e8a-2b9f-4d89-8c53-24d3924f238d,croatian.webcam,premium,625,81.25,high,low,8,name.com,,,13/08/2026 07:32
52c3a7c8-f163-4815-9129-4003af742056,biaxial.webcam,available,12.98,17.98,medium,low,7,namecheap,,,09/08/2026 18:44
919d3a88-54d6-4fd1-8084-9562790e31ce,phones.webcam,premium,3450,116,high,low,6,namesilo,,,20/09/2026 09:31
1269bcee-9334-4dd5-8006-c3a21ad3e9a5,org.webcam,premium,625,,high,medium,3,name.com,,,
05224001-2292-4ef1-bed2-4d3cd7295e13,pithily.webcam,available,12.98,17.98,medium,low,7,namecheap,,,15/09/2026 20:06
3f65b492-1092-4a01-ac2b-d897b1df92e9,exeter.webcam,premium,116,29.5,high,low,6,namesilo,,,25/09/2026 14:27
da5d1314-6a64-4251-8482-e3c1ddcea552,nominee.webcam,premium,625,,high,low,7,name.com,,,
773672fa-7e1c-46db-a5bb-3a535738b756,yobo.webcam,premium,437.5,62.5,medium,low,4,name.com,,,11/08/2026 08:48
d4d0981b-6979-477f-be63-84200ffcebb7,fulton.webcam,premium,640,77.35,high,low,6,namesilo,,,25/09/2026 06:12
3e194d6c-79f8-4e73-b3af-f616cce32749,gabble.webcam,available,11.99,11.99,medium,low,6,namesilo,,,23/09/2026 23:37
f8f75851-3777-4896-9770-81542f0cc7ba,looney.webcam,premium,625,81.25,medium,low,6,name.com,,,13/08/2026 05:34
f89d944b-62a4-4dee-901b-079b1b153181,inflexible.webcam,available,11.99,11.99,medium,low,10,namesilo,,,22/08/2026 04:32
91b4c080-17d2-40a8-ab33-9dea08c39301,wifely.webcam,available,11.99,11.99,medium,low,6,namesilo,,,13/09/2026 00:27
1ab683bc-1c8f-4ebf-ab98-66f8b3ad4895,spavined.webcam,available,11.99,11.99,high,medium,8,namesilo,,,10/09/2026 15:20
dee9e32c-e09d-4274-a9c8-7cf40049563c,claus.webcam,premium,116,29.5,medium,low,5,namesilo,,,27/09/2026 02:28
560d2d2c-35a4-4e92-81a3-34555792b848,asperity.webcam,premium,448,53.92,medium,low,8,namesilo,,,20/09/2026 14:51
b026f657-4fd4-407c-b4c5-989a8f22bda5,inn.webcam,premium,640,77.35,high,low,3,namesilo,,,21/09/2026 02:28
857e70d5-a644-443d-b305-f2d1ff27b271,sip.webcam,premium,625,,high,low,3,name.com,,,
fddb3c18-cda8-4490-9a12-1804b6730074,reflections.webcam,premium,455,65,medium,low,11,namecheap,,,18/09/2026 07:20
b87e1a17-4c21-42f0-9a98-819ea841141b,pneumatic.webcam,premium,448,53.92,high,low,9,namesilo,,,08/09/2026 22:06
ca9bf42a-77a2-4df8-9e3f-07241e4ba542,airburst.webcam,premium,448,53.92,medium,low,8,namesilo,,,17/09/2026 23:00
cfa3a43e-ac6c-494c-b918-b1fffbc24307,enclosed.webcam,premium,625,81.25,high,low,8,name.com,,,16/08/2026 22:21
c610e7f2-f9b2-487c-beb9-a48f06b8d23b,fiscally.webcam,available,11.99,11.99,medium,low,8,namesilo,,,14/09/2026 18:37
b8a239bc-467a-4cdd-89b2-7a0a02576542,bathymetry.webcam,available,11.99,11.99,medium,low,10,namesilo,,,22/09/2026 13:55
5c702e45-bc06-4a9d-bd57-5b16fe26c0c7,six.webcam,premium,650,84.5,high,low,3,namecheap,,,21/09/2026 13:17
679bc481-9ea2-45cd-9138-7b1b4d6a7cfa,graphic.webcam,premium,625,81.25,high,low,7,name.com,,,20/08/2026 18:09
bb0cc9d3-207a-4889-807c-a7f5da2181c0,millennium.webcam,available,11.99,11.99,high,low,10,namesilo,,,24/08/2026 23:15
ae288be6-5600-45c1-8ad2-ce033268ff09,horses.webcam,available,11.99,11.99,medium,low,6,namesilo,,,17/09/2026 09:06
1308b2b0-90bd-44e5-8955-7d1bc63bfe0a,chestnut.webcam,premium,448,53.92,high,low,8,namesilo,,,23/09/2026 14:04
d8faf3a9-ce99-43b7-9c93-4bfdd595e429,troth.webcam,premium,116,29.5,medium,low,5,namesilo,,,23/09/2026 11:35
90a6e1e1-320b-4b79-ab8a-5b184da1d585,clinic.webcam,premium,625,,high,low,6,name.com,,,
195d2c32-bb2d-4dbf-aa7f-7e7647c4b18e,vodka.webcam,premium,116,29.5,high,low,5,namesilo,,,
610ead81-c679-433a-9012-c8e22de98d22,mick.webcam,premium,,,high,low,4,,,,28/09/2026 02:25
d97cc946-d63e-4739-96d6-047eec49f53d,avogadro.webcam,premium,455,65,medium,low,8,namecheap,,,18/09/2026 17:51
1c840fdc-a184-44de-a334-7cba33ff346f,soonest.webcam,available,11.99,11.99,medium,low,7,namesilo,,,14/08/2026 22:25
1a12c08a-abae-4685-a08a-d2ad92e7fa81,special.webcam,premium,6500,130,high,low,7,namecheap,,,24/09/2026 15:16
f45e77c0-7726-462b-a01a-9479cf1e00ac,caring.webcam,premium,448,53.92,high,low,6,namesilo,,,23/09/2026 13:03
3dd658a2-e8e1-4e5c-bd48-8fc1bfca22ea,pieces.webcam,premium,650,84.5,medium,low,6,namecheap,,,17/09/2026 19:58
151cd49c-3476-456a-95a3-69ad87b33b59,tensile.webcam,premium,448,53.92,medium,low,7,namesilo,,,11/09/2026 11:30
5c013b28-3b1c-43e2-9949-e1a0d46de9b9,accessory.webcam,available,11.99,11.99,high,low,9,namesilo,,,21/09/2026 15:35
12ee8982-3706-4c7a-9c16-0951bf95318a,bawd.webcam,available,34.99,37.99,medium,low,4,name.com,,,13/08/2026 14:22
02c33fb0-7a70-4884-b00b-572899147017,huxley.webcam,premium,455,65,high,low,6,namecheap,,,18/09/2026 04:39
6cc78e72-4db3-4ebf-9ffc-0af464c2a16a,computerized.webcam,available,10.53,10.53,high,low,12,spaceship,,,28/09/2026 02:46
1853cfc2-8b48-4da0-aa22-59cbde71cb97,sandals.webcam,premium,650,84.5,medium,low,7,namecheap,,,20/09/2026 14:52
7b84950f-7d19-4b0c-b35a-068c7915171a,nairobi.webcam,premium,116,29.5,high,low,7,namesilo,,,24/09/2026 12:20
4bf4d055-6031-4cbd-8b81-bba3f829b0f9,major.webcam,premium,640,77.35,high,low,5,namesilo,,,25/09/2026 16:14
325f9df8-a9ee-4cef-aaac-66bbb3c05353,slips.webcam,premium,640,77.35,high,low,5,namesilo,,,17/09/2026 12:24
4f46f4a0-2c01-4181-b81a-0791f82aba33,horned.webcam,available,11.99,11.99,medium,low,6,namesilo,,,21/08/2026 14:04
33829218-c8b8-4573-82ab-753f0766244d,cocksure.webcam,available,11.99,11.99,medium,low,8,namesilo,,,12/08/2026 15:00
192e2764-9986-47d1-b8c4-68e75e68f703,biographic.webcam,available,11.99,11.99,high,low,10,namesilo,,,10/08/2026 01:58
20b2d108-c2e8-415b-9f61-661329405cb4,cultural.webcam,premium,625,81.25,high,low,8,name.com,,,13/08/2026 10:15
6f232097-97e4-4a77-b480-439e141015e0,bendable.webcam,premium,437.5,62.5,medium,low,8,name.com,,,09/08/2026 14:07
a846a54c-85f0-4d96-b6c2-67b714a9a9a5,cracker.webcam,premium,650,84.5,high,low,7,namecheap,,,24/09/2026 18:59
17a89df0-f5ae-4488-a157-1fcbeb342122,blackwater.webcam,available,11.99,11.99,medium,low,10,namesilo,,,24/09/2026 03:24
c2944c43-fc9f-424f-a0c7-9956532898e6,say.webcam,premium,625,,high,low,3,name.com,,,
bdfeab2c-878e-4d62-9ea3-1e84e1d3970a,forge.webcam,premium,640,77.35,high,medium,5,namesilo,,,24/09/2026 00:25
30b3d735-29a3-4b3f-9e42-2eb868a70b6b,brandenburg.webcam,available,10.53,10.53,high,low,11,spaceship,,,27/09/2026 16:50
1af876d2-8bad-46dc-8f62-ba451c77db2c,vigilance.webcam,premium,650,84.5,high,low,9,namecheap,,,18/09/2026 05:28
fc34835c-ef74-4087-aab3-f70de195ca91,animosity.webcam,available,11.99,11.99,medium,low,9,namesilo,,,19/09/2026 09:20
6f04a1bc-9c3b-4654-bba1-f70e329050c7,signs.webcam,premium,455,65,high,low,5,namecheap,,,17/09/2026 04:39
79e91bb9-006a-48e4-9ef0-c0e42e4d92a9,antagonist.webcam,premium,448,53.92,high,low,10,namesilo,,,17/09/2026 10:48
72cbebb7-54d5-4c46-be5c-032ca61b00b9,proofed.webcam,premium,448,53.92,medium,low,7,namesilo,,,09/09/2026 03:24
52e7e671-0ba2-43ec-a840-93a603b24526,punch.webcam,premium,116,29.5,high,low,5,namesilo,,,27/09/2026 03:37
b0fbc2d0-353e-423d-a91e-95999e6dd805,punctured.webcam,premium,640,77.35,medium,low,9,namesilo,,,08/09/2026 16:56
53897c80-8dc5-41eb-8c7b-7dc2a0496e14,braun.webcam,premium,640,77.35,high,low,5,namesilo,,,25/09/2026 02:19
5a04c5d0-1fba-41c5-8eca-52338ad1b98b,intact.webcam,premium,437.5,62.5,high,low,6,name.com,,,22/08/2026 07:49
50b95707-7a6e-48c7-979e-c4d37b6990a0,create.webcam,premium,116,29.5,high,medium,6,namesilo,,,19/09/2026 12:28
55bcaec9-9e34-45bb-b655-840af5ab533d,retrieve.webcam,premium,625,,high,low,8,name.com,,,
da525531-c8ca-4d41-879e-98035569e6c7,amide.webcam,available,12.98,17.98,high,low,5,namecheap,,,18/09/2026 21:35
c3527a1b-6cf3-47b9-b21e-8823a4e2a556,shoebill.webcam,available,12.98,17.98,medium,low,8,namecheap,,,21/09/2026 20:35
d43b79ec-cf41-469c-87c5-e011f888a499,modelling.webcam,available,17.98,,high,low,9,namecheap,,,
cd13903d-bdcc-472e-a5ee-e9d5089be039,flattering.webcam,available,11.99,11.99,high,low,10,namesilo,,,18/08/2026 06:57
17d1d28f-b1d9-464f-b74d-16f0ecfaf9bc,amiss.webcam,premium,625,81.25,medium,low,5,name.com,,,
3110944f-4769-4833-a065-ec71b7ec7201,firebug.webcam,premium,437.5,62.5,medium,low,7,name.com,,,22/08/2026 00:57
211d2a0b-7621-481e-a0dc-0617d9cd5ae0,proverb.webcam,premium,448,53.92,high,low,7,namesilo,,,17/09/2026 06:07
40c9d54b-6a6f-4328-968f-03666244021d,uniquely.webcam,premium,640,77.35,high,low,8,namesilo,,,16/09/2026 10:06
319cec17-1339-4884-9446-f839e7ea2573,leftist.webcam,available,11.99,11.99,medium,low,7,namesilo,,,12/08/2026 17:05
20a4916d-aeab-4375-87ae-26f08ae9e710,ruinous.webcam,available,11.99,11.99,medium,low,7,namesilo,,,10/08/2026 13:28
6197a34e-97cd-47c3-91ad-fdbdab3c185d,cautious.webcam,premium,625,81.25,high,low,8,name.com,,,11/08/2026 22:44
b69b8c08-ddf5-42d5-a7ee-94554366db3b,wriggly.webcam,available,11.99,11.99,medium,low,7,namesilo,,,13/09/2026 13:43
a4f78484-eed1-4dd1-80b8-26c7da8b8933,ampere.webcam,premium,455,65,high,low,6,namecheap,,,18/09/2026 23:06
ec0757a3-4fb9-4131-b208-642d9a0b1802,fatuous.webcam,available,11.99,11.99,low,low,7,namesilo,,,07/08/2026 02:39
03d2bcec-a683-4829-b6e7-13b0648a63d5,ink.webcam,premium,625,,high,medium,3,name.com,,,
ce2ce7dc-d896-4298-a95e-860ad0d3d236,critter.webcam,premium,455,65,high,low,7,namecheap,,,24/09/2026 19:33
b85449eb-3c3e-4230-9fff-85a4ff6597c5,anorectal.webcam,available,11.99,11.99,medium,low,9,namesilo,,,
20704f0b-de0a-49f8-8d14-57bd5d6e8ed7,accumulate.webcam,available,11.99,11.99,high,low,10,namesilo,,,12/08/2026 16:47
86ff7f2c-fded-489d-a1cb-18aa08a2d35e,weakness.webcam,premium,625,81.25,medium,low,8,name.com,,,17/08/2026 20:45
87fe32de-a5bf-44c3-9104-9be088bc2320,pipes.webcam,premium,650,84.5,high,low,5,namecheap,,,27/09/2026 22:20
0fbef5a2-1953-421d-a913-03dd53897355,manifold.webcam,premium,437.5,62.5,high,low,8,name.com,,,24/08/2026 15:07
08ef9c1c-2940-4c13-98a0-304df95925bc,priest.webcam,premium,116,29.5,high,low,6,namesilo,,,27/09/2026 04:53
3f26a03a-ba08-4809-969a-89dae6d0743c,eyewitness.webcam,premium,116,29.5,high,low,10,namesilo,,,
f19495e0-9537-4a5b-b9d4-e614e3e30490,lactating.webcam,available,12.98,17.98,medium,low,9,namecheap,,,22/08/2026 18:18
27a5b9eb-2a01-4b3b-8a6f-aba7ce113bfd,septenary.webcam,available,11.99,11.99,medium,low,9,namesilo,,,
18c095f1-5384-4a6f-a4a6-652ecf07132e,marred.webcam,available,11.99,11.99,medium,low,6,namesilo,,,24/08/2026 16:28
65ed944f-3f7b-4278-9847-8e0864d37d52,prow.webcam,available,11.99,11.99,medium,low,4,namesilo,,,18/08/2026 11:28
e2485b57-c2a4-492e-8c1b-9f042c9a3601,scapular.webcam,available,11.99,11.99,medium,low,8,namesilo,,,09/09/2026 22:51
0067809f-4403-4ef2-a9d5-01d0bf84dc63,lost.webcam,premium,1107,116,high,low,4,namesilo,,,22/09/2026 10:52
bd07fc26-256b-45ba-9a53-35d4c57a835d,likeness.webcam,premium,116,29.5,high,low,8,namesilo,,,18/09/2026 07:48
b04492c8-ee89-47b0-8d82-1b18fa3631c5,dreamy.webcam,premium,625,81.25,high,low,6,name.com,,,14/08/2026 18:48
6a3717eb-78c0-4335-a4bc-52ab5f63e5f3,disguise.webcam,premium,625,,high,low,8,name.com,,,
71856ed6-9ffe-4d19-bc3d-731248bb9c46,tough.webcam,premium,640,77.35,high,low,5,namesilo,,,22/09/2026 16:19
edf81df8-38e7-4b2c-93d3-3fa5d452d8d0,scranton.webcam,premium,116,29.5,medium,low,8,namesilo,,,26/09/2026 00:14
fec80f25-f30b-4111-b0b7-5e8b0d50b857,hammond.webcam,premium,125,37.99,high,low,7,name.com,,,25/09/2026 12:21
b73af259-a96f-4d33-a063-3b5ff55f03a2,outer.webcam,premium,625,,high,low,5,name.com,,,
21792f1b-f3f7-4480-90f0-d825eebeed55,almost.webcam,premium,625,,high,low,6,name.com,,,